SampleID,Otu8,Otu7,Otu11,Otu4,Otu1,Otu2,Otu62,Otu10,Otu23,Otu141,Otu6,Otu85,Otu14,Otu42,Otu50,Otu18,Otu8968,Otu81,Otu75,Otu31,Otu2756,Otu13,Otu58,Otu12,Otu22,Otu83,Otu4114,Otu93,Otu7347,Otu38,Otu39,Otu21,Otu57,Otu326,Otu265,Otu5288,Otu4031,Otu559,Otu25,Otu7065,Otu3813,Otu7187,Otu119,Otu5669,Otu3152,Otu19,Otu28,Otu27,Otu2566,Otu73,Otu4548,Otu29,Otu295,Otu112,Otu8121,Otu5358,Otu4290,Otu69,Otu6945,Otu9070,Otu6886,Otu6714,Otu52,Otu109,Otu33,Otu2735,Otu120,Otu3754,Otu67,Otu89,Otu5277,Otu6950,Otu144,Otu9280,Otu32,Otu6513,Otu80,Otu2871,Otu17,Otu1145,Otu8285,Otu113,Otu778,Otu4353,Otu68,Otu7981,Otu49,Otu209,Otu7151,Otu1447,Otu6944,Otu65,Otu9575,Otu2636,Otu2814,Otu74,Otu5458,Otu34,Otu4307,Otu195,Otu9129,Otu46,Otu2637,Otu16,Otu5694,Otu454,Otu189,Otu36,Otu419,Otu279,Otu3705,Otu63,Otu6143,Otu950,Otu114,Otu6091,Otu48,Otu2780,Otu8065,Otu7932,Otu4862,Otu125,Otu2738,Otu7106,Otu86,Otu6281,Otu2792,Otu151,Otu2827,Otu6793,Otu614,Otu2913,Otu70,Otu3611,Otu6603,Otu196,Otu140,Otu8233,Otu92,Otu9465,Otu9771,Otu3,Otu3744,Otu3496,Otu218,Otu481,Otu310,Otu7341,Otu4365,Otu7123,Otu9300,Otu7214,Otu97,Otu7808,Otu6321,Otu5862,Otu208,Otu775,Otu15,Otu427,Otu4544,Otu20,Otu45,Otu856,Otu105,Otu296,Otu2286,Otu2638,Otu197,Otu707,Otu44,Otu4208,Otu1682,Otu2876,Otu4658,Otu4735,Otu6742,Otu3273,Otu8306,Otu470,Otu235,Otu250,Otu6734,Otu3069,Otu1579,Otu30,Otu5,Otu6326,Otu185,Otu9593,Otu5116,Otu2765,Otu4273,Otu111,Otu230,Otu4336,Otu7748,Otu217,Otu1349,Otu4189,Otu289,Otu7183,Otu43,Otu131,Otu72,Otu4800,Otu750,Otu570,Otu4931,Otu71,Otu4901,Otu200,Otu157,Otu4267,Otu53,Otu6948,Otu24,Otu99,Otu299,Otu94,Otu7148,Otu1735,Otu118,Otu64,Otu3025,Otu9,Otu214,Otu727,Otu382,Otu6647,Otu6271,Otu90,Otu763,Otu257,Otu249,Otu400,Otu273,Otu4178,Otu192,Otu1697,Otu121,Otu35,Otu7690,Otu5140,Otu604,Otu345,Otu4550,Otu425,Otu378,Otu1336,Otu106,Otu2820,Otu4843,Otu2208,Otu453,Otu188,Otu77,Otu531,Otu4709,Otu391,Otu1176,Otu737,Otu3561,Otu148,Otu166,Otu821,Otu988,Otu2974,Otu747,Otu9564,Otu3057,Otu4078,Otu4821,Otu219,Otu3895,Otu7695,Otu340,Otu7975,Otu811,Otu5725,Otu5137,Otu3313,Otu256,Otu51,Otu854,Otu5118,Otu215,Otu165,Otu3055,Otu274,Otu6160,Otu4316,Otu463,Otu8148,Otu2494,Otu1719,Otu3945,Otu8953,Otu4344,Otu262,Otu1150,Otu5860,Otu4818,Otu517,Otu819
C171,0,1750,2,1307,482,6065,0,0,80,110,5995,0,11,0,0,1,323,0,0,3,9,152,0,6,36,48,2,15,103,0,1,0,0,0,0,1,68,0,11,0,1,7,0,2,0,0,69,0,0,75,0,0,7,31,0,12,5,0,0,1,1,0,402,0,0,0,0,0,2,0,5,7,0,5,0,11,11,1,60,0,0,2,4,1,23,0,3,17,0,7,9,0,10,0,0,2,0,327,9,0,0,0,4,0,2,0,0,0,0,0,2,0,1,0,32,1,0,506,0,6,0,0,0,0,0,2,0,30,5,1,0,1,0,1,0,0,0,4,7,2,0,25,0,0,0,0,0,3,2,1,3,1,0,2,1,11,0,0,2,0,0,0,0,3,0,0,0,0,0,0,41,0,0,0,0,3,9,10,2,0,0,0,1,0,0,54,0,15,0,0,4,0,0,1,0,0,2,0,0,0,0,1,0,2,0,1,0,0,6,54,0,0,1,1,0,3,4,0,21,0,0,50,0,0,0,15180,0,0,5,1,2,118,0,0,0,1,0,20,1,2,0,0,45,0,0,0,3,0,0,1,90,0,546,0,0,1,153,0,0,0,1,2,1,0,82,0,0,11,0,37,49,31,0,32,44,36,94,10,10,10,0,1,0,0,14,0,1,0,8,41,1,0,112,0,0,6,45,5,4,0,0,0,0,0,0
C175,1,4087,2,1190,84,7233,0,0,97,113,5521,0,7,0,1,0,399,0,0,18,20,119,0,6,25,62,8,13,117,0,0,1,0,0,0,1,121,0,175,0,1,5,0,0,0,0,100,0,0,66,0,1,12,43,1,15,14,0,4,0,0,0,446,0,1,0,0,0,10,0,0,21,0,1,0,22,19,3,60,0,6,7,16,3,18,0,11,28,0,27,6,0,12,0,0,0,0,784,17,0,1,1,3,0,0,0,0,1,0,0,2,0,3,0,72,4,0,732,0,8,0,0,0,3,0,7,0,56,1,0,0,2,0,0,0,0,0,0,3,8,0,10,4,0,0,0,0,12,0,3,1,5,0,3,2,5,0,0,1,2,0,0,0,2,2,0,0,0,2,1,59,0,0,0,0,2,8,5,1,0,0,0,2,2,0,0,0,18,0,0,8,0,1,1,0,5,0,0,0,0,0,1,0,5,0,2,0,0,5,46,0,1,1,2,0,2,1,0,19,0,0,73,0,0,0,10634,0,3,2,1,5,153,0,0,0,1,0,46,1,3,0,0,26,1,0,0,10,2,0,1,148,0,822,0,0,3,158,0,1,0,1,9,1,1,94,1,0,18,0,41,32,38,0,77,38,23,84,14,14,9,0,0,0,1,0,0,0,0,15,295,4,0,95,2,0,11,90,9,5,0,0,0,0,0,0
C218,18,5082,41,1990,199,1575,0,0,182,44,4657,0,5,2,2,8,130,0,3,33,25,314,0,7,15,253,6,8,113,1,0,6,0,0,0,0,97,1,61,0,3,5,0,0,0,7,26,0,2,51,0,3,3,87,0,9,7,0,7,0,0,0,193,0,0,0,3,0,214,0,0,14,0,3,10,13,4,2,15,1,5,24,22,0,29,0,1,7,1,25,5,397,26,0,0,0,1,336,13,0,2,0,6,0,2,0,0,5,0,0,2,0,1,1,19,1,3,100,0,5,0,2,1,6,0,12,0,11,4,0,0,1,0,0,0,0,0,1,75,9,0,28,0,0,0,0,0,2,0,2,4,3,0,2,2,2,0,0,18,7,0,0,0,0,2,0,0,1,0,0,8,0,0,0,1,2,0,3,1,0,0,0,3,0,0,2,5,1,0,0,11,5,10,3,18,2,0,0,0,0,0,2,0,2,0,7,0,1,10,37,0,0,141,5,0,3,1,6,16,0,0,71,2,0,0,12831,0,0,3,0,0,205,1,0,0,0,0,64,48,7,0,2069,4,7,3,0,0,6,0,1,26,1,164,0,0,64,2137,0,2,0,0,0,1,0,126,0,3,4,0,7,18,25,0,5,24,23,21,20,1,7,0,3,0,356,0,0,47,0,1,22,1,0,8,6,0,2,20,8,3,0,0,0,0,0,0
C172,1,2763,19,1188,3781,1208,0,2,101,4,5806,0,1,0,0,10,424,0,11,26,11,163,1,7,6,53,6,0,53,0,0,0,0,0,0,1,52,0,4,0,1,3,0,0,0,5,11,0,2,25,0,1,0,55,3,6,3,0,6,0,0,0,80,0,1,0,2,0,305,0,1,3,0,5,4,11,1,3,4,0,5,16,9,0,11,0,0,4,1,1,9,165,10,0,0,1,0,167,7,0,0,0,3,1,0,0,0,0,0,0,3,0,2,0,11,1,7,32,0,1,0,9,0,0,0,1,0,21,1,0,0,1,0,0,0,0,0,2,71,5,0,306,0,0,0,0,0,1,0,1,0,2,0,1,1,3,0,0,278,2,0,0,0,0,0,0,0,0,0,1,2,0,0,0,0,1,2,7,0,0,0,0,1,0,0,2,0,0,0,0,13,130,2,6,9,0,0,0,0,0,0,1,0,1,0,2,0,1,7,16,0,0,60,3,0,0,2,0,4,0,0,35,0,0,0,11976,0,0,0,0,1,145,1,0,0,0,0,74,23,2,0,4339,0,0,1,0,0,3,1,4,2,3,74,1,0,21,668,0,0,0,3,0,1,1,48,0,2,6,0,8,111,11,0,2,34,26,4,19,0,8,1,2,0,128,16,0,48,0,1,8,0,1,4,1,0,0,4,1,2,0,0,0,0,0,0
C115,7,3972,96,4613,4497,1658,9,517,73,34,8413,1,4,0,0,1184,1280,26,79,39,12,159,55,536,30,64,7,5,84,113,0,2,0,4,9,1,85,2,64,0,0,4,1,1,0,52,7,0,0,18,0,0,0,68,0,7,6,11,4,4,0,0,520,4,0,0,68,0,260,117,3,10,0,9,42,21,3,2,8,2,2,24,7,0,21,0,2,121,8,22,7,132,6,1,0,9,0,64,10,5,0,21,9,2,0,0,0,0,5,3,3,0,1,0,10,1,36,19,0,9,0,7,0,0,1,4,0,19,3,0,0,1,0,2,0,4,3,2,46,3,0,153,1,0,0,0,4,1,1,9,0,2,0,2,8,4,5,0,405,3,0,0,0,5,2,16,2,0,1,0,1,0,0,0,0,4,1,8,0,0,0,11,1,2,0,0,0,1,0,1,10,181,5,1,2,0,0,20,0,0,0,0,0,1,0,1,0,21,8,9,0,6,28,0,1,0,2,0,8,1,0,41,0,0,0,2794,6,0,0,0,2,260,2,0,0,16,0,44,6,0,0,1301,0,4,4,0,0,2,0,4,6,6,18,0,4,22,149,0,0,0,0,0,0,0,54,0,2,0,0,0,24,13,0,0,9,6,6,1,0,2,0,1,1,115,0,0,12,0,3,6,1,1,6,2,1,1,0,0,0,0,0,0,0,0,0
C117,1,5105,97,7507,4519,898,2,2561,323,234,8387,0,6,0,2,122,172,23,9,33,16,100,9,521,1165,5,7,2,93,31,0,1,0,8,19,0,110,0,7,0,0,10,2,1,0,437,6,0,1,18,0,0,1,25,1,6,11,1,4,2,0,1,359,0,0,0,14,0,89,13,3,11,0,16,3,17,2,2,9,1,7,27,18,0,12,0,2,58,11,7,9,22,18,2,0,1,0,27,17,1,1,2,8,1,1,0,0,0,0,0,6,0,0,0,16,3,10,6,2,17,0,0,1,8,0,13,0,25,3,0,0,1,0,1,0,0,0,1,46,9,1,49,1,0,0,0,0,0,0,3,0,1,0,0,15,1,0,0,110,3,0,0,0,1,1,3,1,0,0,0,0,4,0,0,1,1,0,5,0,0,0,0,0,20,0,10,0,0,0,0,13,52,10,0,9,0,0,4,0,5,0,2,0,0,0,4,0,17,13,1,0,0,7,1,0,3,0,0,5,0,0,30,0,0,0,563,0,0,5,0,0,150,1,0,0,12,2,47,3,2,0,358,0,3,1,0,0,2,0,0,3,2,3,0,2,25,42,0,1,0,1,0,2,0,20,0,4,0,0,1,4,0,0,0,0,0,2,0,0,1,0,2,295,23,0,0,6,0,0,0,0,4,4,0,0,0,3,1,0,0,0,0,0,0,0
C220,0,4704,893,1574,45,9858,3,959,95,2652,1564,2,1414,1,6,109,170,2,2,2,5,13,0,751,830,0,8,0,0,2,4830,4,23,0,1,0,77,16,2,0,0,0,6,32,0,2187,5,5,0,1,0,3,0,5,0,4,6,0,1,1,13,0,38,1,0,0,0,0,34,10,41,9,1,3,0,9,0,0,0,0,3,63,4,5,3,0,0,3,1,3,0,3,12,0,1,1,0,100,9,3,2,2,4,1226,0,0,0,1,1,1,1,0,0,7,70,0,6,5,1,5,0,0,3,5,2,4,0,91,0,0,0,1,0,12,0,0,3,1,24,4,0,17,0,2,0,0,0,8,0,7,1,1,0,0,5,1,0,0,16,1,0,0,0,0,33,0,0,17,0,0,6,0,1,0,0,0,5,1,1,0,0,0,3,2,0,12,3,0,1,0,3,6,3,1,4,0,0,3,0,2,0,0,0,0,0,0,102,0,7,0,0,0,0,34,6,1,0,1,5,2,11,11,0,127,13,63,17,0,26,0,3,140,3,0,2,1,2,51,0,0,0,5,0,2,0,0,0,1,0,0,0,0,0,0,0,0,12,0,0,0,0,0,9,0,0,0,3,0,0,0,1,4,0,0,0,0,0,0,0,0,0,0,0,5,0,0,1,0,0,0,0,2,0,6,0,0,0,0,0,0,0,0,0,0,0
C219,8,6174,69,9254,3019,1074,0,1182,637,359,8006,2,25,1,6,148,54,21,9,13,18,139,4,409,1413,1,10,0,78,20,1,13,0,2,17,5,126,0,5,0,1,8,23,2,0,677,1,6,1,25,0,3,0,20,0,28,6,5,11,6,1,0,153,0,1,0,8,0,94,10,12,19,1,13,1,31,0,4,3,0,6,19,12,1,10,0,1,31,13,4,8,23,19,0,0,0,5,47,22,0,1,1,11,1,0,0,0,1,0,1,6,1,1,0,14,5,14,4,1,24,0,0,0,6,3,19,0,37,0,0,0,1,0,0,0,1,0,3,180,12,1,20,0,0,0,0,0,0,0,9,3,3,0,4,11,0,0,0,75,6,0,0,0,0,1,0,1,0,0,0,0,0,0,0,0,0,0,10,0,0,2,0,3,12,1,1,4,0,0,0,22,34,2,0,7,0,0,1,0,1,0,1,0,0,0,1,0,12,8,3,0,0,19,0,3,0,0,1,17,0,0,28,0,0,0,465,0,0,4,0,0,229,0,0,0,3,1,25,1,5,0,257,0,3,0,0,0,4,0,2,2,0,5,0,1,19,57,0,2,0,8,0,3,1,7,0,1,0,0,0,7,4,0,0,1,0,0,0,0,0,0,4,47,11,0,0,4,0,0,1,2,4,0,1,0,0,0,0,0,0,0,0,0,0,0
C188,0,7936,1604,3787,326,771,0,1892,185,131,7307,0,1494,0,0,49,22,5,2,8,6,108,6,209,2702,1,4,1,15,10,0,1,0,0,2,0,59,3,1,0,1,3,4,1,0,3971,2,1,0,4,0,1,0,27,2,7,3,0,4,2,0,0,131,0,0,0,1,0,42,1,2,8,0,5,0,17,0,2,1,0,10,66,8,0,2,0,0,14,6,7,4,12,15,0,0,1,1,67,8,1,0,0,10,891,0,0,0,1,0,0,6,0,1,1,148,0,8,1,0,8,0,0,1,0,0,15,0,271,2,0,1,1,0,1,0,0,0,3,22,10,0,25,1,4,0,0,0,0,0,3,0,5,0,8,7,0,0,0,30,1,0,0,0,2,2,0,0,44,0,4,0,0,20,0,0,0,1,9,0,0,0,0,4,27,0,11,1,0,0,0,11,16,5,0,22,0,0,0,0,3,0,2,0,3,0,4,0,1,3,1,0,1,6,0,0,7,0,0,0,0,13,7,0,10,0,117,0,0,126,0,0,113,5,0,0,2,2,95,2,1,0,20,0,9,0,0,0,6,4,1,1,0,1,0,0,7,89,0,0,0,1,0,7,0,1,0,14,0,0,0,2,3,0,0,0,2,0,0,0,1,0,0,37,7,1,0,0,0,0,0,0,16,0,13,0,0,0,1,0,0,0,0,0,0,0
C189,0,7218,632,5073,477,952,0,1606,444,267,6666,0,710,0,1,150,19,3,1,17,10,63,3,299,3747,0,5,0,23,9,6,0,0,1,6,0,44,2,5,0,1,8,4,4,0,3808,11,0,0,9,0,0,0,33,3,6,3,6,2,3,1,0,171,0,0,0,2,0,83,3,4,3,0,8,0,16,1,0,0,0,7,164,4,0,5,0,0,9,7,13,3,16,20,0,0,1,0,91,9,0,0,4,2,466,2,0,0,0,0,0,2,0,5,0,96,1,33,3,0,11,0,0,3,0,0,10,0,172,2,0,0,0,0,2,0,0,0,3,29,14,1,23,0,1,0,0,0,0,0,3,0,2,0,2,9,1,2,0,64,6,0,0,0,0,0,0,0,12,0,4,0,0,5,0,0,0,0,5,0,0,0,1,2,20,0,10,1,0,0,0,8,33,1,4,6,2,0,0,0,24,0,0,0,3,0,1,0,13,11,5,0,0,3,0,0,0,1,0,4,0,2,21,0,1,0,497,0,0,64,0,0,358,5,0,0,5,4,175,4,2,0,45,1,9,1,0,1,11,0,6,2,1,1,1,0,5,62,0,1,0,3,0,3,1,0,0,9,0,0,1,4,6,0,0,1,2,0,0,0,0,0,6,32,25,0,0,1,0,0,1,0,20,0,7,0,0,0,0,0,0,0,0,0,0,0
C97,0,2879,339,397,14,9551,611,3032,14,599,233,13,1562,546,40,262,401,12,0,3,1,2,7,7380,102,0,11,0,2,21,8,32,312,0,0,0,88,17,0,0,0,0,3,7,0,1156,21,29,0,0,0,176,0,0,1,14,4,0,10,0,0,0,43,55,0,0,0,0,9,32,11,10,20,2,10,16,0,1,18,0,1,32,4,0,5,0,0,0,0,532,0,0,7,0,0,1,0,252,26,11,0,28,0,1023,0,3,0,1,16,0,0,0,2,19,36,2,432,444,2,0,0,33,1,7,6,3,4,25,0,0,0,2,2,2,0,1,2,0,2,8,0,4,1,0,0,0,0,19,0,8,1,5,0,1,1,12,0,0,5,2,0,0,3,1,18,0,3,4,7,0,1167,0,21,0,0,0,9,0,0,0,148,0,0,19,0,26,0,0,7,1,0,3,3,2,0,22,3,3,0,0,7,0,0,0,0,0,1,0,2,0,1,0,0,0,0,0,2,0,2,157,21,5,0,502,0,16,12,0,6,4,1,18,4,2,12,1,2,21,0,0,0,3,0,1,0,0,0,0,0,0,1,0,0,10,0,0,3,0,0,1,0,2,0,0,0,0,0,0,0,0,0,1,0,0,0,0,0,0,0,0,0,0,0,4,0,0,0,0,0,0,0,0,0,0,0,0,0,0,0,39,0,0,0,0,0
C98,1,2907,364,459,11,12107,503,2596,9,745,200,10,1428,358,23,217,523,14,0,1,4,2,4,6974,78,0,8,0,2,23,6,15,174,0,0,0,89,14,0,0,0,0,2,10,0,884,15,13,0,4,0,156,0,7,1,21,11,1,7,0,5,0,25,40,0,0,1,0,2,28,20,16,21,0,3,11,0,1,13,0,2,25,3,4,0,0,1,0,2,488,0,1,11,0,0,1,0,168,19,14,1,21,1,698,1,1,0,0,11,0,0,0,0,13,25,0,323,399,2,3,0,18,0,2,2,8,0,22,0,0,0,2,0,1,0,0,1,0,8,3,0,2,3,2,0,0,0,13,0,1,2,5,0,0,5,10,0,0,1,0,0,0,3,0,15,0,1,0,7,0,1058,0,20,0,2,2,10,0,1,0,101,0,1,13,0,8,3,0,7,2,0,0,2,0,0,23,7,1,0,0,5,0,0,0,0,0,0,0,0,0,0,0,0,0,0,0,1,0,0,137,17,5,0,405,0,16,10,1,6,2,6,4,4,0,6,3,3,17,0,0,0,1,0,2,0,0,0,0,0,0,0,0,0,8,0,0,7,0,0,0,0,0,0,0,0,0,0,0,0,0,0,1,0,0,0,0,0,0,0,0,2,0,0,0,0,0,0,0,0,0,0,0,0,1,0,0,0,0,0,31,0,0,0,0,0
C99,1,2868,361,461,23,11809,534,2750,10,550,257,15,1381,357,30,171,460,11,0,1,4,6,4,6858,105,0,8,0,1,16,3,32,247,0,0,2,92,12,1,0,0,1,0,3,0,927,16,18,0,0,0,184,0,2,1,10,11,0,3,0,3,0,20,55,0,0,0,0,3,12,16,14,18,3,4,11,0,2,17,0,2,37,4,1,1,0,0,0,1,539,0,0,9,0,0,2,0,193,11,7,1,22,0,776,0,1,0,0,12,0,5,0,4,28,20,2,442,410,1,3,0,21,2,2,6,6,2,34,1,0,0,1,0,4,0,0,1,0,5,4,0,1,2,4,0,0,0,17,0,7,0,4,0,0,3,8,0,0,3,0,0,0,1,0,17,0,4,3,2,0,1158,0,14,0,0,5,9,1,0,1,122,0,0,6,0,24,0,0,10,0,0,2,0,2,0,15,3,5,0,0,2,0,0,0,0,1,0,0,11,0,1,0,0,0,0,0,0,0,1,127,10,14,0,386,0,20,4,8,2,3,2,8,6,1,2,0,0,9,0,3,0,1,0,0,0,0,0,0,0,0,1,0,0,3,0,0,5,0,0,3,0,0,0,0,0,0,0,0,1,0,1,0,0,0,0,0,0,0,1,0,0,0,0,2,0,0,0,0,0,0,0,0,0,1,0,0,0,0,0,19,0,0,0,0,0
C100,8179,5534,2114,6826,4081,2168,44,1303,695,511,569,34,415,366,99,271,376,62,44,149,55,34,52,162,93,77,4,24,55,19,14,178,28,11,67,1,79,29,9,15,3,9,6,3,10,12,3,9,2,14,1,5,3,1,4,6,3,0,3,2,2,11,8,9,37,11,10,16,11,2,15,17,3,11,42,11,6,9,9,1,10,8,39,0,10,10,1,24,5,2,1,17,19,5,1,4,1,14,5,2,1,10,0,2,1,1,2,1,1,2,2,5,6,1,5,4,1,5,2,4,6,7,4,1,1,7,3,5,1,0,2,5,1,1,5,1,2,2,4,10,4,3,1,1,3,1,3,1,2,6,1,3,0,1,15,3,0,2,1,1,5,0,0,0,0,0,1,0,1,1,1,2,1,1,0,0,0,2,1,1,2,0,1,2,0,0,0,0,0,0,0,0,0,0,0,0,0,0,0,0,0,0,0,0,0,0,0,0,0,0,0,0,0,0,0,0,0,0,0,0,0,0,0,0,0,0,0,0,0,0,0,0,0,0,0,0,0,0,0,0,0,0,0,0,0,0,0,0,0,0,0,0,0,0,0,0,0,0,0,0,0,0,0,0,0,0,0,0,0,0,0,0,0,0,0,0,0,0,0,0,0,0,0,0,0,0,0,0,0,0,0,0,0,0,0,0,0,0,0,0,0,0,0,0,0
C101,8809,5354,1737,5421,4558,1777,41,1785,786,422,699,76,492,536,144,266,269,93,95,223,40,48,66,158,102,97,5,27,49,37,29,281,47,13,53,0,71,14,4,13,2,9,10,5,8,10,0,21,5,9,2,1,0,1,0,7,6,4,8,0,0,18,16,8,45,4,12,15,12,7,9,9,2,5,62,7,0,12,23,3,2,4,29,0,21,10,5,22,16,6,3,12,8,5,2,4,2,17,4,3,0,3,0,11,0,2,2,1,1,4,2,5,8,0,4,0,0,9,0,18,18,10,2,0,1,9,3,4,0,1,6,0,1,3,4,1,5,0,4,12,5,2,2,0,8,0,0,2,1,9,3,3,0,2,11,3,3,4,1,0,7,0,3,0,3,2,2,0,4,0,0,0,1,3,1,0,0,0,2,2,2,3,3,5,1,3,1,1,0,0,2,2,0,1,3,1,2,2,0,0,0,0,0,1,0,1,1,0,0,0,1,1,2,0,1,1,0,0,0,0,0,0,0,0,0,0,0,0,0,0,0,0,0,0,0,0,0,0,0,0,0,0,0,0,0,0,0,0,0,0,0,0,0,0,0,0,0,0,0,0,0,0,0,0,0,0,0,0,0,0,0,0,0,0,0,0,0,0,0,0,0,0,0,0,0,0,0,0,0,0,0,0,0,0,0,0,0,0,0,0,0,0,0,0,0
C102,6841,5497,1992,6941,4606,2142,40,1546,812,497,718,61,472,423,93,279,335,66,91,186,45,33,35,190,119,83,11,19,57,31,25,205,37,13,98,0,46,13,10,8,2,8,13,4,8,7,0,13,9,16,2,0,1,1,0,9,9,5,4,1,1,16,14,12,55,7,17,12,21,13,18,6,2,4,56,9,0,10,28,5,12,5,42,0,13,4,5,24,11,4,0,12,7,2,1,6,1,12,9,1,3,4,1,10,0,0,3,0,0,2,9,4,7,0,5,0,0,6,0,12,11,3,2,4,0,4,5,3,1,0,10,1,0,3,7,2,2,0,4,11,2,0,2,1,12,3,0,6,0,5,0,1,0,4,22,1,1,2,0,0,5,0,1,0,1,4,2,0,5,1,4,2,0,0,2,0,0,2,1,2,2,3,2,2,2,1,0,0,0,0,1,0,0,0,0,0,4,0,0,2,0,1,0,1,3,0,1,0,2,2,0,1,0,0,0,0,1,0,1,2,1,0,1,0,0,0,0,0,0,0,0,0,0,0,0,0,0,0,0,0,0,0,0,0,0,0,0,0,0,0,0,0,0,0,0,0,0,0,0,0,0,0,0,0,0,0,0,0,0,0,0,0,0,0,0,0,0,0,0,0,0,0,0,0,0,0,0,0,0,0,0,0,0,0,0,0,0,0,0,0,0,0,0,0,0
C107,4,588,1152,4477,19,339,0,52,7566,30,0,2,8,0,2,7399,9,0,0,34,5,3150,1,3,37,80,0,9,308,3,6,6,0,0,0,0,15,1,262,0,2,17,0,1,0,0,1258,0,0,171,0,0,35,2,0,2,4,1,0,6,0,0,0,0,0,0,3,0,0,24,2,11,0,5,0,2,69,0,95,0,0,16,0,0,217,0,25,2,9,182,0,0,2,0,129,281,0,169,4,0,0,0,0,0,0,0,0,0,1,3,0,0,2,0,117,0,6,921,0,7,0,1,0,0,0,0,0,48,0,0,0,1,0,0,0,0,4,0,2,0,25,109,2,0,0,0,0,0,0,0,1,1,0,4,11,0,5,0,0,0,0,16,0,4,8,0,32,0,0,10,63,0,5,7,0,1,0,0,0,0,0,56,1,0,7,5,0,7,0,0,0,0,0,5,1,10,0,4,0,0,0,1,915,5,1,0,0,0,0,1591,0,1,1,0,0,0,75,0,44,0,0,0,143,0,0,2335,0,1,9,0,0,1,0,0,0,0,0,0,0,1,56,0,17,0,0,0,2,0,0,0,0,0,0,3,3,0,53,0,4,0,0,0,0,51,140,84,0,0,53,0,1,7,2,1,5,2,11,1,0,0,0,0,0,0,0,0,0,0,0,0,0,0,0,0,0,0,0,0,0,0,0,0,0,0,0
C108,680,8970,1775,6374,3422,2076,220,539,1241,9,281,172,1548,36,60,1303,1609,10,104,27,34,286,790,205,633,1,20,19,56,284,9,156,2,7,8,0,190,10,29,2,1,8,1,0,0,0,8,20,0,4,0,1,5,9,1,31,11,51,16,4,0,0,0,15,751,1,11,2,1,50,2,20,36,4,10,19,3,7,102,0,7,20,35,0,11,0,16,11,9,30,0,0,23,0,6,39,3,80,23,22,1,132,0,7,0,1,14,0,0,3,1,0,1,1,30,5,0,17,2,13,1,1,3,5,4,16,0,21,0,0,7,5,6,0,0,5,31,0,0,17,4,2,1,1,9,8,12,3,11,6,4,5,28,7,11,6,2,4,3,0,0,1,6,1,1,2,5,0,8,4,2,2,2,26,5,2,0,0,1,2,0,7,5,3,12,5,1,0,2,4,1,0,0,0,0,2,13,10,0,1,0,0,22,1,100,0,2,0,0,23,0,3,0,0,2,0,9,0,1,0,0,0,3,0,0,0,0,0,0,1,0,0,0,10,0,0,0,0,0,0,0,0,0,0,1,0,0,0,0,0,0,0,0,0,4,0,0,0,0,0,0,1,0,1,5,0,0,0,0,0,0,0,0,0,0,0,0,0,0,0,1,1,0,0,0,0,0,0,0,0,0,0,0,0,0,0,0,0,0,0,0,0,0,0,0
C109,558,5222,1980,5277,7596,1041,119,1022,1653,9,875,192,934,35,27,2050,227,15,98,22,9,509,839,140,1134,6,6,33,37,288,43,80,3,4,7,0,114,5,42,2,0,2,0,0,0,0,10,6,0,10,0,2,8,25,0,13,11,60,10,4,0,0,1,13,1291,0,4,3,1,31,2,11,40,6,20,3,4,3,254,0,5,27,17,0,14,1,24,15,13,34,1,0,12,0,6,87,1,153,10,13,0,123,1,29,0,1,7,0,1,8,1,1,3,2,25,1,0,50,1,9,0,5,5,5,4,2,0,8,1,0,0,4,5,0,0,1,18,0,5,12,6,1,0,0,3,10,12,0,3,1,1,3,31,6,8,3,3,3,0,0,0,1,9,4,1,2,4,3,4,2,10,0,2,60,0,1,0,0,0,1,1,6,1,4,17,0,16,0,2,3,3,0,0,0,0,1,6,4,0,2,0,0,22,0,314,0,0,0,2,14,12,5,1,0,11,0,4,0,1,0,0,1,5,0,0,1,0,0,0,0,0,0,0,12,1,0,0,0,0,1,0,0,0,0,0,0,0,0,0,0,0,0,0,0,22,0,0,0,0,0,0,0,0,0,1,0,0,0,0,0,0,0,0,3,0,0,0,0,0,0,0,0,1,0,0,0,0,0,0,0,0,0,0,0,0,0,0,0,0,0,0,0,0,0,0
C110,651,1107,5714,5695,7260,2909,110,1342,1286,1,0,43,90,9,18,2251,311,21,0,8,2,2610,197,100,0,3,4,0,66,181,10,58,1,4,1,0,30,48,37,1,0,15,0,0,0,0,36,1,0,8,0,2,5,58,0,5,0,4,2,3,0,3,0,0,0,0,0,1,1,39,2,2,0,8,6,2,2,0,1928,0,5,9,3,0,31,0,93,45,12,4,0,0,8,0,5,330,1,18,3,5,0,20,0,43,0,1,2,0,0,2,0,5,0,1,17,0,1,11,0,9,0,0,2,1,3,6,1,2,0,0,0,5,16,0,0,3,10,0,1,4,5,3,5,0,1,1,2,2,51,0,0,0,13,0,14,3,1,1,1,0,0,3,0,7,3,14,14,0,5,0,2,0,5,17,0,1,2,0,0,0,0,12,0,0,5,0,0,0,1,33,0,0,0,0,0,1,56,6,0,0,0,1,22,1,28,0,0,0,0,49,2,9,0,0,4,0,11,0,3,0,0,0,3,0,0,2,0,2,2,3,1,0,0,5,6,0,0,0,0,0,0,0,0,0,0,3,0,0,0,0,0,0,0,0,15,1,0,0,0,0,1,19,0,0,3,1,0,0,3,0,0,0,0,0,0,0,1,0,0,0,0,0,0,1,0,0,0,0,0,0,0,0,0,0,0,0,0,0,0,0,0,0,0,0,0
C111,40,1106,5848,6647,1625,2717,27,1835,1847,3,3,16,99,0,2,2266,141,4,0,74,7,4188,83,13,1,10,0,0,56,109,193,128,0,0,0,0,23,51,124,3,0,12,0,0,0,0,114,0,0,29,2,0,22,93,0,6,4,1,1,4,0,0,0,0,0,0,1,0,0,81,2,2,0,7,11,3,9,0,1352,0,0,2,2,0,36,0,101,76,10,44,0,0,6,0,4,786,0,21,6,0,0,11,1,1608,0,0,0,0,0,1,3,536,0,0,31,0,0,42,0,14,0,3,0,1,12,3,0,3,0,0,2,0,30,0,0,0,10,0,0,2,5,13,2,0,0,0,0,3,69,1,0,1,3,1,18,1,4,1,1,0,0,312,0,4,24,20,8,0,8,0,5,0,12,44,0,0,4,0,0,0,0,12,0,0,1,6,1,0,0,66,0,0,0,0,9,2,96,8,0,0,0,1,47,0,12,0,5,0,0,156,1,6,0,0,2,0,6,1,0,0,11,1,11,0,0,2,0,0,0,0,0,0,0,0,2,0,0,2,0,0,0,0,0,0,1,0,0,0,0,0,0,0,0,1,11,0,2,0,0,0,0,0,0,1,5,1,0,0,3,0,0,1,0,1,0,0,0,0,0,0,0,0,0,0,0,1,0,0,0,0,0,0,0,0,0,0,0,0,0,0,0,0,0,0,0
C112,8361,6806,1485,9026,2376,1587,22,945,459,226,627,66,417,350,48,352,263,41,61,147,50,44,51,240,99,22,5,31,74,17,11,157,35,3,96,0,84,2,7,13,0,11,2,1,8,9,1,21,0,17,9,0,3,0,0,9,13,4,4,5,1,5,11,13,70,4,4,19,10,8,4,14,3,11,38,17,1,15,6,1,5,7,41,1,15,4,4,18,20,4,1,19,11,2,3,5,8,10,7,1,0,13,2,6,0,0,2,0,0,5,6,8,2,3,2,1,0,1,0,18,6,13,4,3,4,5,1,10,0,0,3,2,0,0,8,0,2,1,6,9,1,3,2,0,0,0,0,0,0,12,3,2,0,0,20,4,0,0,1,0,3,0,0,0,3,3,2,0,2,0,0,2,1,2,0,0,1,0,0,4,3,0,4,0,3,0,0,0,4,0,3,1,0,0,2,0,0,0,92,0,0,1,2,0,0,1,0,0,0,2,0,0,0,0,1,2,0,0,0,0,0,0,1,0,0,0,0,0,0,0,0,0,0,0,0,0,0,0,0,0,0,0,0,0,0,0,0,0,0,0,0,0,0,0,0,0,2,0,0,0,0,0,0,0,0,0,0,0,0,0,0,0,0,0,0,0,0,0,0,0,0,0,0,0,0,0,0,0,0,0,0,0,0,0,0,0,0,0,0,0,0,0,0,0,0
C113,4973,7879,5216,5432,2773,1507,38,862,608,246,1181,50,759,606,37,326,342,8,170,64,61,98,162,180,313,7,12,40,37,56,7,131,43,14,112,1,102,40,4,6,5,6,17,1,9,3,2,8,1,12,2,2,2,8,3,11,6,15,7,1,2,5,9,10,103,3,12,13,23,9,11,12,4,7,35,15,0,16,26,0,7,12,52,1,22,6,2,19,12,9,0,107,21,0,1,8,1,15,15,6,2,30,2,27,0,0,4,0,1,0,6,0,8,0,8,0,0,1,1,10,2,3,2,2,0,11,0,7,0,0,9,1,4,2,2,0,5,1,4,10,0,2,2,2,7,0,0,0,2,8,1,6,0,3,6,1,1,1,2,0,0,2,3,0,2,1,2,0,1,0,0,4,3,1,0,1,0,1,1,1,7,4,3,3,0,2,0,0,1,1,1,0,0,0,1,0,1,2,18,1,0,0,0,0,10,0,1,0,4,1,0,0,0,0,2,1,0,0,0,0,0,0,0,0,0,18,0,0,0,1,0,0,0,2,0,0,0,0,2,0,0,0,0,0,0,0,0,0,0,0,0,0,0,0,0,0,0,0,0,0,0,1,0,0,2,0,0,0,0,0,0,0,0,0,0,0,0,0,0,0,0,2,0,0,0,0,1,0,0,0,0,0,0,0,0,0,0,0,0,0,0,0,0,0,0
C127,5146,5146,115,7689,2384,2882,8,453,307,843,4249,49,1455,95,21,62,96,19,8,99,8,18,6,46,285,19,5,13,56,10,0,121,3,4,10,0,54,2,8,9,0,13,84,7,45,9,1,6,1,28,1,5,4,0,3,12,5,5,3,7,8,5,3,2,92,3,4,11,2,3,40,9,0,9,47,12,4,2,139,33,4,16,9,1,33,2,5,2,14,4,1,233,13,2,0,6,1,251,10,2,1,6,5,34,22,0,0,3,0,0,0,6,596,19,4,0,0,0,2,18,19,12,3,1,0,13,3,4,0,25,2,0,7,5,0,2,0,0,232,10,2,0,3,3,0,0,0,3,1,8,0,0,0,0,14,0,2,2,669,2,1,4,53,0,1,0,1,1,0,3,0,0,13,1,0,0,1,12,98,5,3,0,2,3,2,14,1,0,0,3,12,270,0,0,31,0,3,1,0,1,17,3,0,0,34,0,0,0,2,0,0,0,22,0,0,2,0,0,0,0,0,0,0,0,0,0,0,0,0,0,1,0,0,0,0,0,1,0,0,0,0,0,0,0,0,4,0,0,9,0,0,9,0,0,0,0,39,11,1,0,0,0,0,0,0,0,0,0,0,0,0,0,4,0,0,0,0,0,0,0,5,7,8,0,0,9,0,0,0,0,0,0,0,0,11,0,0,0,0,0,10,5,2,0,0
C128,6463,5972,203,7885,1807,2148,4,516,254,643,3302,49,1308,105,40,86,112,10,5,155,19,19,18,66,231,15,7,30,75,13,1,156,7,5,4,1,76,3,11,12,0,6,112,3,22,4,2,17,1,32,2,0,4,2,1,2,5,1,4,4,0,7,3,8,79,5,7,12,3,1,38,9,1,9,54,16,0,2,120,30,9,11,9,2,19,3,7,4,9,3,2,194,27,1,1,5,1,239,13,0,3,9,4,37,26,0,1,5,0,0,2,6,599,13,0,0,0,2,1,14,8,13,5,5,2,10,0,5,1,9,1,1,6,3,5,1,0,1,159,17,0,3,1,0,3,0,0,1,0,6,0,1,0,1,16,0,0,3,746,0,7,4,67,0,2,0,0,0,1,0,1,0,4,0,0,0,0,16,97,5,2,3,1,4,0,23,0,0,0,0,12,288,1,0,47,0,4,0,0,0,21,1,0,0,27,0,0,0,0,0,0,0,22,0,0,3,0,3,0,0,1,0,1,4,0,0,2,0,0,0,0,0,0,0,0,0,0,0,0,0,0,0,0,0,0,1,0,0,8,0,0,10,0,0,0,0,28,15,0,0,0,0,1,0,0,0,0,0,0,0,0,0,2,0,0,0,0,0,0,0,9,7,33,0,0,7,0,0,0,0,0,0,0,0,7,0,0,0,0,0,5,3,1,0,0
C129,6702,5928,187,7895,1962,2157,9,533,317,609,3006,52,1221,95,31,94,81,13,6,137,22,22,17,76,257,23,4,34,76,17,0,154,4,2,6,0,79,0,9,12,0,7,105,3,19,6,3,13,5,36,2,2,1,0,3,10,6,3,2,4,3,3,2,3,93,4,10,20,7,2,38,7,1,10,40,14,0,1,114,23,11,7,13,1,21,6,5,3,10,4,0,231,15,1,0,3,1,266,10,2,0,5,8,38,30,0,0,5,0,4,6,5,627,24,1,1,0,3,1,17,18,15,4,3,1,13,0,3,2,13,0,1,3,2,3,2,2,0,155,3,1,1,2,5,1,2,0,1,3,3,0,3,0,1,24,0,0,0,626,0,1,4,97,0,2,0,0,1,1,2,0,0,13,0,2,1,0,4,105,6,3,1,1,0,0,18,0,0,2,1,4,267,0,0,40,0,3,0,0,0,31,1,2,1,17,3,0,0,1,0,1,0,26,0,1,1,1,0,0,0,0,0,0,0,0,0,3,0,0,1,1,0,0,1,0,0,0,0,0,1,0,0,0,0,0,0,0,0,12,0,0,9,0,0,0,0,23,10,1,0,0,0,2,0,0,0,0,0,0,0,0,0,6,0,0,0,0,0,0,0,9,4,26,0,0,9,0,0,0,0,0,0,0,0,7,0,0,0,0,0,11,5,4,0,0
C130,233,2794,11,1190,3579,8656,1,893,105,249,3477,5,3114,3,0,4,432,3,2,12,11,5,0,6,171,4,8,77,12,1,0,7,1,5,0,0,80,0,3,0,2,2,64,4,1,3,0,0,0,7,0,1,0,0,0,9,5,0,10,4,0,0,1,0,109,0,0,1,1,1,142,15,2,5,4,10,0,1,180,21,2,4,2,0,4,0,3,0,2,5,3,143,13,0,1,15,1,1479,18,0,0,1,5,45,152,0,0,0,0,0,1,2,3306,1,9,2,0,0,0,4,0,11,3,2,1,5,0,3,2,68,0,0,1,3,0,0,1,1,1024,8,0,1,0,19,0,0,0,8,8,2,0,5,0,1,3,13,0,0,1079,0,0,8,651,0,1,0,1,4,2,4,0,0,9,0,0,4,5,3,568,0,0,2,0,3,0,4,2,0,0,3,6,456,1,0,11,0,22,0,0,3,1,0,0,0,3,1,0,0,0,0,2,0,31,0,0,1,0,4,0,0,0,0,0,2,0,0,0,0,0,2,2,0,0,0,0,0,0,0,0,0,0,0,0,0,11,30,0,0,66,0,0,11,0,0,0,0,7,2,0,0,0,0,2,0,0,0,0,0,0,0,0,0,24,0,0,0,0,0,0,0,44,3,41,0,0,43,0,0,0,0,0,0,0,0,108,0,0,0,0,3,89,20,14,0,0
C147,4,4706,208,2599,43,10809,148,1808,10,1400,59,6,1992,513,7,114,348,108,0,1,4,2,6,5705,26,0,23,0,2,9,1,13,243,0,0,4,168,4,0,0,0,4,0,10,0,834,7,30,0,2,0,36,0,2,0,22,15,0,4,1,2,0,24,12,4,0,0,0,5,10,40,18,7,6,19,25,0,1,1242,0,2,12,8,1,0,0,0,0,1,163,0,0,22,0,0,2,1,101,26,2,2,18,0,392,2,1,0,0,8,0,2,0,1,20,23,3,50,60,2,2,0,6,5,8,1,13,0,13,1,0,0,2,0,9,0,0,0,0,10,4,0,0,2,4,0,0,0,9,1,2,0,12,0,1,8,5,0,0,1,0,0,0,240,1,0,0,2,2,1,0,154,0,11,0,0,5,7,0,0,0,51,0,2,7,0,2,1,0,1,0,0,0,1,0,0,5,6,3,0,1,29,0,0,0,0,0,0,0,2,0,0,0,0,2,0,0,0,0,0,119,8,2,0,257,0,4,0,0,2,4,3,2,2,0,9,0,3,5,0,2,0,0,0,0,0,0,0,3,0,0,0,0,0,1,0,0,4,0,0,2,0,2,0,0,0,0,0,0,0,0,0,0,0,0,0,0,0,0,0,0,2,0,0,0,0,0,0,0,0,0,0,0,0,0,0,0,0,0,0,109,0,0,0,0,0
C148,8039,6092,681,9379,2763,1819,44,1134,469,631,981,61,353,374,63,260,167,55,35,152,30,23,19,213,116,75,5,22,73,21,3,198,13,8,38,1,75,7,10,10,0,9,11,8,6,7,0,13,2,15,9,0,1,3,0,16,6,2,1,6,2,18,11,14,99,8,12,15,11,3,14,5,3,10,35,7,0,13,41,9,2,8,18,1,21,7,2,10,12,3,0,170,14,1,2,4,4,11,11,0,1,6,0,2,0,2,1,1,0,0,4,3,13,1,1,0,0,5,1,13,5,10,9,2,0,9,3,3,0,0,2,3,2,2,1,0,2,0,25,15,0,0,3,0,5,2,1,1,1,4,0,3,0,3,22,0,3,2,73,0,6,0,2,0,3,0,1,0,2,0,0,3,0,1,0,0,1,1,1,0,3,2,0,2,3,1,2,0,0,0,1,18,1,1,1,0,0,0,0,1,0,1,1,0,1,1,0,0,1,0,2,1,1,0,1,1,0,0,0,1,0,0,1,0,0,1,0,0,0,0,1,0,0,0,0,0,0,0,0,0,0,0,0,0,1,0,0,0,0,0,0,1,0,0,1,0,0,0,3,0,1,0,0,0,0,0,0,0,0,0,0,0,0,0,0,0,0,0,0,0,0,0,0,0,0,0,0,0,0,0,0,0,0,0,0,0,0,0,0,0,0,0,0,0,0
C150,10435,7498,504,7481,1737,1630,30,832,285,594,767,55,547,240,29,67,149,25,33,142,37,34,38,165,108,91,5,21,68,18,1,170,14,3,19,1,84,5,12,24,1,15,20,5,15,6,0,11,3,16,10,0,1,1,3,9,10,2,2,3,1,14,9,3,145,7,5,15,4,2,19,8,1,8,42,10,0,6,33,14,7,6,21,0,22,3,0,9,11,4,0,257,21,3,0,3,2,10,11,0,1,4,0,6,1,2,1,0,0,3,2,1,13,0,2,2,0,1,0,17,11,6,3,2,1,12,0,4,0,0,0,1,4,2,6,0,0,0,42,17,2,0,0,0,2,0,0,1,0,8,2,8,0,5,8,0,1,2,341,0,11,0,5,0,4,0,0,0,0,0,0,0,0,0,0,0,0,0,2,2,2,0,0,4,0,1,4,0,0,0,3,142,0,0,0,0,3,1,0,0,0,0,0,0,1,0,0,0,0,0,0,0,11,0,0,0,0,0,0,0,0,0,0,0,0,0,0,0,0,0,0,0,0,0,0,0,0,0,0,0,0,0,0,0,0,0,0,0,0,0,0,2,0,0,0,0,0,0,0,0,0,0,0,0,0,0,0,0,0,0,0,0,0,0,0,0,0,0,0,0,0,0,0,0,0,0,0,0,0,0,0,0,0,0,0,0,0,0,0,0,0,0,0,0,0
C151,3,4639,190,2632,43,11828,216,2327,7,495,60,1,1983,890,15,182,492,243,0,0,0,0,10,4421,20,0,14,0,2,41,0,22,309,0,0,5,167,5,0,0,0,4,0,10,0,861,12,41,0,0,0,17,0,2,0,20,9,0,7,4,1,0,37,8,6,0,0,0,4,12,10,31,12,6,34,21,0,0,1310,0,8,23,4,2,0,0,0,0,3,78,0,0,18,0,0,0,1,61,21,2,4,99,0,156,0,1,0,0,7,0,1,0,1,24,11,7,151,26,0,7,0,22,0,5,0,15,1,21,0,0,0,2,0,3,0,0,2,0,3,12,0,1,2,1,0,0,0,9,0,7,3,7,0,1,10,9,0,0,0,0,0,0,172,1,1,0,0,3,1,0,46,0,26,0,0,2,9,0,0,0,59,1,1,3,0,6,2,0,4,2,0,2,0,1,0,1,4,6,0,0,49,0,0,0,0,0,0,0,0,0,0,0,0,0,0,0,0,1,0,88,1,2,0,268,0,2,7,0,4,2,0,9,0,1,0,0,2,9,0,1,0,0,0,0,0,0,1,0,0,0,1,0,0,1,0,0,6,0,0,1,0,0,0,0,0,0,0,0,0,0,0,0,0,0,0,0,0,0,0,0,0,0,0,1,0,0,0,0,0,0,0,1,0,0,1,0,0,0,0,169,0,0,0,0,0
C157,0,3388,356,504,84,8074,353,5283,27,92,533,22,832,56,15,240,393,9,0,3,2,2,2,2562,387,0,6,0,1,42,15,14,793,0,0,0,83,5,1,0,1,1,8,1,0,560,247,30,0,5,0,709,7,2,1,8,5,0,3,0,0,0,18,15,4,0,1,0,16,63,1,10,135,0,14,13,1,1,27,0,5,17,4,1,14,0,0,0,1,95,0,0,7,0,0,1,0,132,20,29,0,91,1,3422,0,0,0,2,25,0,0,0,2,15,41,0,222,83,0,1,0,38,0,2,5,5,4,55,0,0,0,2,39,2,0,5,5,0,13,7,0,1,1,0,0,0,0,10,1,5,0,3,0,1,1,6,0,0,5,0,0,0,93,0,14,0,2,8,33,0,298,0,2022,0,1,4,10,0,0,0,57,0,0,7,0,883,0,0,15,1,1,1,6,1,1,1,5,101,0,1,3,0,0,0,0,0,0,0,6,0,7,0,0,1,0,1,0,51,0,289,43,3,0,645,0,11,84,9,7,0,0,18,1,2,42,1,6,30,1,0,1,1,0,3,1,0,0,3,4,0,3,0,0,0,1,1,4,0,0,7,0,1,1,2,0,0,0,0,0,0,0,0,0,0,0,0,1,0,0,0,0,0,1,0,0,0,0,0,0,0,0,0,0,0,0,0,0,0,0,8,0,0,0,0,0
C161,7650,5227,248,10438,1387,1692,18,436,263,584,2429,31,967,257,29,109,55,29,5,117,14,9,17,71,179,10,7,36,67,13,2,133,8,0,11,0,67,4,18,14,1,10,64,1,20,1,0,21,2,30,5,2,1,1,1,17,4,3,1,8,3,5,4,12,88,5,9,15,1,0,25,7,0,11,50,20,0,3,72,52,10,7,11,1,10,12,3,4,12,10,5,265,26,3,3,5,3,94,10,3,0,2,1,126,8,1,2,4,1,2,4,9,278,62,2,1,0,0,0,16,11,4,2,3,0,8,0,6,2,5,2,0,2,4,3,3,0,0,133,13,1,1,2,2,0,1,0,1,0,4,1,1,0,3,16,0,0,4,555,0,0,5,33,0,4,0,0,0,0,2,0,1,4,0,0,1,0,3,49,4,4,3,1,1,0,10,2,0,2,0,4,212,0,0,13,0,5,1,0,2,12,1,1,0,23,0,0,0,1,0,5,1,17,0,0,0,0,0,0,0,0,0,0,0,0,2,0,0,0,0,0,0,0,0,0,0,0,0,1,0,0,0,0,0,1,0,0,0,13,0,0,9,0,0,0,0,18,10,3,0,0,0,0,0,0,0,0,0,0,0,0,0,1,7,0,0,0,1,0,0,4,3,5,0,0,7,0,0,0,0,0,0,0,0,8,0,0,0,0,0,3,1,3,0,0
C163,6067,5419,128,9285,2057,3037,6,385,270,974,2678,28,1051,78,15,97,90,8,8,62,13,12,20,67,258,8,8,36,50,12,0,105,6,1,14,0,67,1,4,14,1,9,49,13,16,8,2,11,1,23,1,1,1,0,1,9,13,3,5,10,5,1,6,6,86,7,3,20,4,2,52,4,1,8,34,20,1,2,93,34,9,13,13,2,20,5,4,4,9,6,4,215,8,0,2,2,1,184,12,1,0,5,3,25,16,0,0,2,0,1,1,2,465,6,1,1,0,3,0,17,5,6,2,2,2,10,1,3,0,15,0,1,2,4,2,0,0,0,156,12,0,1,1,1,0,1,1,1,1,4,1,1,0,0,24,1,0,7,609,0,3,2,69,0,3,0,1,0,0,0,1,0,1,0,0,2,0,3,76,5,1,0,0,2,0,10,0,0,0,0,8,254,0,0,25,0,2,0,0,2,9,1,0,0,29,0,0,0,1,0,0,0,16,0,0,1,0,0,0,0,0,0,5,1,0,2,0,0,0,3,1,0,0,0,0,0,0,0,0,0,0,0,0,0,0,1,0,0,13,0,0,3,1,1,0,0,17,8,1,0,0,0,0,1,0,0,0,0,0,0,0,0,1,0,0,0,0,0,0,0,5,4,8,0,2,8,0,0,0,0,0,0,0,0,8,0,0,0,0,0,7,2,4,0,0
C164,274,3958,19,2374,987,5212,1,345,192,202,6801,1,4208,6,0,6,911,2,2,7,9,2,3,8,509,22,11,70,26,2,0,6,0,2,0,0,123,0,2,0,0,2,57,4,3,5,5,0,0,16,0,0,0,0,1,6,5,0,11,0,0,0,5,0,277,0,0,0,1,0,188,13,1,5,0,15,0,0,227,60,3,6,6,1,6,0,0,0,3,3,5,626,19,0,6,44,2,760,17,0,1,0,1,152,89,0,0,0,0,0,3,4,1839,0,4,2,0,2,0,6,1,5,0,2,0,14,0,10,0,28,0,1,2,1,0,0,0,0,339,13,0,4,1,22,1,0,0,3,4,4,2,2,1,5,5,9,0,0,1891,0,0,5,514,0,0,0,0,7,0,5,0,1,22,0,1,1,2,5,309,3,0,0,0,5,2,36,2,0,0,0,11,725,0,0,3,0,9,0,0,1,6,0,0,0,83,0,0,0,0,1,2,0,31,0,0,2,0,0,0,0,2,0,0,1,0,4,0,0,0,3,0,0,0,0,0,0,0,2,0,0,0,0,0,0,16,9,0,0,52,0,0,10,0,0,0,0,46,1,1,0,0,0,4,2,0,0,0,0,0,0,0,0,5,0,0,0,0,0,0,0,75,13,28,0,0,31,0,0,0,0,0,0,0,0,135,0,0,0,0,2,142,7,3,0,0
C165,5741,6661,177,11051,804,2031,26,411,263,659,2671,63,1056,87,17,147,78,15,7,109,29,11,11,84,245,15,6,30,75,11,1,86,3,1,7,1,91,0,11,18,2,18,34,5,28,3,1,12,0,28,4,1,3,0,0,11,6,1,1,3,4,1,9,8,95,2,10,4,1,1,27,15,2,14,26,5,0,2,92,17,6,15,14,0,13,7,4,0,16,9,3,297,11,4,1,4,7,120,9,2,0,7,2,67,7,0,0,5,0,5,2,15,251,7,4,1,0,2,0,17,8,9,0,4,2,14,0,2,0,7,0,1,2,6,5,1,2,2,104,14,0,0,0,6,0,0,0,1,1,8,1,8,0,1,26,0,2,4,495,0,2,4,34,1,4,0,2,1,0,1,0,1,2,0,0,0,0,5,36,10,2,0,0,1,0,15,2,0,2,1,6,221,0,0,24,0,4,0,0,2,9,2,0,0,33,0,0,0,1,1,1,0,22,0,0,0,0,0,0,0,1,0,0,1,0,2,0,0,0,0,0,3,0,0,0,0,0,0,0,0,0,0,0,0,3,1,0,0,7,0,0,6,0,0,0,0,17,9,4,0,2,0,2,0,0,0,0,0,0,0,0,0,0,0,0,0,0,0,1,0,8,2,9,0,8,3,0,0,0,0,0,0,0,0,11,0,0,0,0,0,8,2,3,0,0
C166,5597,5892,128,7925,2661,2430,6,455,271,789,3237,39,1590,70,9,102,59,8,5,97,12,10,12,72,241,11,7,38,42,6,0,94,4,2,8,0,61,1,8,6,0,10,80,13,23,6,4,5,3,30,5,1,2,2,1,5,9,1,7,2,4,3,6,9,92,4,3,17,4,0,47,8,0,8,55,11,0,2,90,24,9,8,11,0,17,2,1,1,14,6,1,228,13,0,1,0,2,263,11,1,3,7,4,14,25,0,0,3,2,0,3,3,605,10,4,1,0,2,0,19,9,6,3,2,1,8,0,3,0,12,2,0,5,8,3,1,0,1,194,11,2,0,1,5,1,0,0,1,1,6,0,0,0,2,21,1,0,6,658,0,1,3,42,0,4,0,0,1,0,2,0,1,6,0,0,0,1,1,114,2,0,2,2,3,0,19,0,0,2,0,4,257,1,0,28,0,2,1,0,1,22,0,0,0,28,2,0,0,1,2,0,1,15,0,0,2,0,1,0,0,0,0,0,2,0,7,0,0,0,0,0,0,0,0,0,0,0,0,0,2,0,1,0,0,0,1,0,0,11,1,0,9,0,0,0,0,24,4,1,0,2,0,0,0,0,0,0,0,0,0,0,0,2,0,0,0,0,0,1,0,9,2,7,0,0,10,0,0,0,0,0,0,0,0,20,0,0,0,0,1,7,3,6,0,0
C167,5232,5827,154,8816,1930,2990,6,430,266,925,3223,53,1394,104,16,85,94,17,5,84,14,21,7,46,232,11,16,34,57,15,0,116,5,2,9,1,58,1,8,14,0,11,68,6,28,3,7,12,2,13,3,0,1,1,2,9,3,3,8,6,6,5,6,8,121,8,5,9,4,0,32,3,1,6,32,10,2,1,111,21,4,12,12,0,18,5,1,2,6,2,2,211,10,0,2,3,4,214,10,0,1,7,2,22,24,0,0,2,0,1,3,2,525,14,5,0,0,6,0,16,7,10,0,1,2,7,0,5,0,8,1,2,3,3,2,3,0,0,158,13,0,1,0,2,1,1,1,0,1,7,2,3,0,3,17,1,2,5,587,0,0,1,57,0,3,0,0,0,2,4,1,1,7,0,1,0,0,1,96,6,1,0,3,5,0,17,0,0,1,1,5,244,0,0,21,0,0,0,0,0,21,1,1,0,28,0,0,0,0,0,2,1,10,0,1,0,0,1,0,0,0,0,0,4,0,7,0,0,0,0,0,1,0,0,0,0,0,0,1,0,0,0,0,0,1,0,0,0,9,0,0,6,0,0,0,0,19,8,0,0,0,0,2,0,0,0,0,0,0,0,0,0,5,0,0,0,0,0,0,0,2,2,9,0,11,9,0,0,0,0,0,0,0,0,18,0,0,0,0,0,10,5,1,0,0
C169,5416,5619,117,9260,1308,2207,7,343,274,668,3783,33,1466,64,13,105,82,5,12,103,7,11,16,76,335,19,5,46,87,11,1,94,5,0,2,1,70,1,14,12,0,16,60,9,15,3,0,13,2,30,2,0,2,1,4,11,8,1,0,4,5,0,4,5,106,1,6,9,5,2,48,6,1,9,44,17,1,2,160,37,8,11,12,4,13,4,1,2,8,6,7,388,13,1,4,1,2,176,7,2,0,6,3,55,19,0,1,0,2,0,4,10,419,8,3,1,0,2,1,15,14,9,4,0,6,12,1,6,1,10,1,0,3,3,2,2,5,2,180,5,0,2,3,4,4,0,0,0,1,7,3,0,0,2,19,1,2,5,793,0,1,5,77,0,2,0,0,3,1,2,0,2,12,0,0,0,0,5,81,16,1,2,1,2,2,21,0,0,4,2,8,318,1,0,51,0,6,2,0,0,10,0,0,0,41,0,0,0,0,0,4,0,31,0,0,0,0,2,0,0,0,0,0,0,0,2,0,0,0,0,0,0,0,0,0,0,0,0,1,0,0,0,0,0,0,4,1,0,20,3,0,11,0,0,0,0,31,14,1,0,1,0,1,0,0,0,0,0,0,0,0,0,3,0,0,0,0,0,1,0,4,2,18,0,18,3,0,0,0,0,0,0,0,0,13,0,0,0,0,0,6,1,1,0,0
C173,0,1738,0,938,213,6009,0,0,51,40,5671,0,20,0,0,1,353,0,0,6,9,109,0,3,18,49,3,17,116,0,0,1,0,0,0,1,47,0,28,0,0,4,0,0,0,1,77,0,0,75,0,1,16,37,1,3,6,0,2,1,0,0,408,0,0,0,0,0,0,0,1,4,0,2,3,3,2,1,48,0,2,0,15,2,10,0,8,22,0,3,6,0,1,0,0,0,0,250,9,0,0,0,6,1,0,0,0,0,0,0,2,0,5,0,25,0,0,746,1,2,0,0,0,1,0,2,0,38,6,0,0,2,0,0,0,0,0,1,3,4,0,6,3,0,0,0,0,7,2,2,0,1,0,2,1,12,0,0,2,0,0,0,0,0,0,0,0,0,0,0,59,0,0,0,0,2,1,5,0,0,0,0,0,0,0,0,0,8,0,0,11,0,1,0,0,1,1,0,0,0,0,2,0,1,0,0,0,0,7,44,0,0,0,3,0,6,5,0,16,0,0,35,0,0,0,16099,0,0,1,0,4,98,0,0,0,0,0,24,0,4,0,0,33,1,0,0,8,0,0,1,102,0,713,0,0,5,102,0,0,0,2,8,1,0,67,2,0,20,0,27,54,23,0,57,54,47,68,11,5,17,0,1,0,0,0,0,1,0,6,64,2,0,143,2,0,9,37,2,8,0,0,0,0,0,0
C177,0,2357,40,3295,2066,1505,1,1,112,69,8709,0,7,0,1,472,519,0,19,66,6,100,1,12,3,76,9,1,86,5,0,0,0,0,0,2,58,0,20,0,1,7,1,1,0,3,5,0,0,23,0,0,1,40,2,11,3,0,3,2,0,0,146,0,0,0,12,0,370,3,1,9,0,7,79,11,0,1,6,0,4,16,12,0,19,0,1,5,3,3,8,200,5,1,0,1,4,54,4,0,0,4,14,0,0,0,0,0,0,0,1,0,0,0,19,1,6,35,0,7,0,2,0,1,1,4,0,15,0,0,0,0,0,0,0,0,0,1,51,4,1,413,0,0,0,0,0,1,1,2,2,3,0,3,8,2,0,0,362,1,0,0,0,8,0,0,0,0,0,0,3,0,0,0,3,0,3,8,0,0,0,0,0,0,0,0,0,1,0,0,12,157,1,4,11,0,0,3,0,0,0,1,0,1,0,2,0,38,2,19,0,0,34,0,0,0,1,0,15,0,0,84,0,0,0,10394,0,0,2,0,1,145,4,0,0,37,0,26,17,8,0,1993,3,4,0,0,0,0,0,2,10,1,97,0,3,10,321,0,3,0,2,4,3,0,51,0,0,8,0,2,83,2,0,1,28,20,3,9,0,10,0,7,0,115,0,0,20,0,1,8,5,0,9,1,0,0,8,2,3,0,0,0,0,0,0
C178,0,799,1,649,9,6216,0,1,6,0,7307,0,24,0,0,0,443,0,0,8,9,379,0,2,4,166,3,88,48,1,0,0,0,0,0,2,24,0,12,0,1,2,0,0,0,0,22,0,0,49,0,0,10,10,0,2,2,1,1,0,0,0,693,0,0,0,0,0,0,0,0,1,0,3,0,2,8,1,30,1,0,0,3,2,7,0,6,17,0,5,12,0,5,0,0,2,0,158,4,0,0,0,15,0,0,0,0,0,0,0,1,0,1,0,17,0,0,543,0,1,0,1,0,1,0,2,0,18,1,0,0,1,0,0,0,0,0,0,0,0,0,5,1,0,0,0,0,10,0,0,0,0,0,1,0,8,0,0,4,1,0,0,0,1,0,0,0,0,0,0,49,1,0,0,0,1,5,17,2,0,0,0,1,0,0,21,0,17,0,0,13,0,0,0,0,0,0,0,0,0,0,1,0,0,0,0,0,0,3,26,0,0,0,0,0,1,1,0,4,0,0,12,0,0,0,16142,0,0,3,0,1,18,2,0,0,1,0,10,1,0,0,0,36,0,0,0,5,2,0,0,118,0,279,0,0,77,60,0,0,0,0,3,4,0,65,2,0,8,0,16,33,17,0,69,62,23,10,17,5,11,0,1,0,0,0,0,0,47,1,18,1,0,37,0,0,6,23,2,3,0,0,0,0,179,49
C194,4,5714,424,4016,187,3036,0,1713,279,846,5207,0,610,0,1,172,52,2,7,8,2,51,4,348,2514,5,2,0,17,20,2730,1,12,0,1,3,43,1,6,0,0,5,0,12,0,3732,1,1,0,6,0,0,0,23,3,6,4,0,1,2,2,0,132,0,0,0,2,0,125,2,17,3,0,6,2,22,2,1,1,0,7,98,5,0,11,0,0,10,9,6,8,8,19,0,0,0,1,88,4,1,1,4,4,1191,0,0,0,0,1,0,2,0,0,1,60,0,20,0,1,6,0,1,0,2,0,7,0,127,4,0,0,2,0,2,0,0,1,1,23,8,0,38,1,1,0,0,0,1,0,9,4,2,0,2,11,1,0,0,65,10,0,0,0,1,97,0,2,8,0,2,1,0,4,0,0,1,1,10,0,0,0,0,1,10,0,12,0,0,1,0,5,30,3,3,7,0,0,1,0,7,0,0,0,0,0,0,70,0,8,0,0,0,4,55,0,1,0,0,5,0,11,23,0,29,22,386,5,0,31,1,1,387,4,0,0,8,3,101,1,3,0,35,0,4,0,0,0,11,1,2,0,1,0,0,2,0,33,0,0,0,5,0,10,0,1,0,1,0,0,0,11,11,0,0,2,1,1,0,1,0,0,1,1,24,0,0,2,0,0,1,1,11,2,4,0,0,0,0,1,0,0,0,0,0,0
C195,28,3087,433,578,62,10376,269,2291,25,1418,635,11,1218,279,27,235,314,13,3,2,7,5,6,5274,153,1,3,1,1,23,12,36,405,0,0,3,76,16,0,0,0,2,1,14,0,1040,20,33,1,0,0,549,0,0,0,20,4,1,2,0,10,0,37,46,0,0,0,2,23,35,29,9,31,3,15,11,0,3,12,0,4,50,3,4,2,0,0,3,1,626,0,2,15,0,0,3,0,168,9,17,1,70,0,1160,1,5,0,0,20,0,0,0,2,26,41,2,194,590,3,0,0,26,1,3,4,9,0,20,0,0,0,1,1,15,0,1,1,2,24,7,0,9,1,1,0,0,0,7,0,2,0,3,0,0,1,6,0,0,7,2,0,0,3,2,91,0,0,6,9,0,1648,0,12,0,0,6,9,0,0,0,92,2,4,6,1,18,0,0,4,0,0,1,1,0,0,24,5,3,0,0,1,0,0,1,0,0,3,0,13,0,0,0,4,2,0,0,0,3,2,332,15,6,0,491,0,55,33,5,9,2,2,49,3,7,9,1,3,16,0,1,0,2,0,4,0,0,0,0,1,0,0,0,1,4,0,1,8,0,0,7,0,1,0,0,0,0,1,0,0,0,1,3,0,0,0,0,1,0,0,0,0,0,0,3,0,0,1,0,0,0,0,0,0,2,0,0,0,0,0,51,0,0,0,0,0
C196,13,2778,351,590,30,12240,376,2599,11,1171,155,8,1229,430,19,197,432,21,0,2,2,1,4,5133,72,0,10,0,1,38,2,23,292,0,0,0,102,19,0,0,0,1,2,18,0,707,17,14,0,0,0,242,0,1,0,14,5,1,3,0,2,0,14,39,2,0,0,0,4,21,9,12,14,1,17,5,0,0,69,0,2,28,4,0,2,0,0,1,0,870,0,0,8,0,0,1,0,164,15,10,0,62,0,1164,3,3,0,0,7,0,0,0,4,11,27,3,183,565,0,2,0,21,2,1,5,11,0,7,0,0,0,1,1,1,0,0,0,0,7,8,0,6,0,2,0,0,0,17,1,2,1,5,0,1,1,6,0,0,4,0,0,0,11,0,45,0,0,3,7,0,1490,0,17,0,0,1,12,0,1,0,125,3,2,9,0,5,0,0,3,1,0,0,0,0,0,27,3,4,0,0,9,0,0,0,0,0,0,0,2,1,0,0,2,0,0,0,0,1,0,342,10,4,0,435,0,18,8,7,6,2,3,7,3,3,17,0,0,13,0,1,0,1,1,0,0,0,0,1,0,0,4,0,0,10,0,0,4,0,0,6,0,0,0,0,1,0,0,0,0,0,1,0,0,0,0,0,2,0,0,0,0,0,0,1,0,0,0,0,0,0,0,1,0,2,0,0,0,0,0,43,0,0,0,0,0
C197,0,3236,421,462,44,8961,324,2430,23,1345,687,9,1217,351,20,262,294,12,0,1,5,4,4,5983,154,0,5,1,4,39,12,23,411,0,0,0,94,13,0,0,0,1,1,14,0,1108,20,32,0,2,0,524,0,1,2,16,11,0,8,0,2,0,38,55,0,0,0,0,29,31,34,8,44,0,12,9,0,0,7,0,3,44,4,4,3,0,2,2,0,670,0,0,10,0,0,1,1,166,13,24,0,57,0,1446,0,7,0,0,15,0,1,0,5,18,36,2,234,589,1,1,0,42,2,3,11,6,0,41,0,0,0,2,0,8,0,0,1,1,13,7,0,7,0,1,0,0,0,3,0,1,1,5,0,0,1,14,0,0,6,2,0,0,0,2,97,0,2,2,9,0,1592,1,17,0,0,1,11,0,2,0,79,0,2,7,0,23,0,0,2,0,2,4,8,3,0,25,1,4,0,1,3,0,0,0,0,0,0,0,12,1,0,0,3,2,0,2,0,0,4,388,24,6,0,495,0,78,36,8,7,0,3,48,4,1,18,2,3,30,0,0,0,4,0,2,0,0,0,0,2,0,2,0,0,6,0,0,8,0,0,13,0,0,1,0,0,0,0,0,0,0,2,1,0,0,0,0,1,0,0,0,0,0,0,2,0,0,0,0,0,0,0,0,0,0,0,0,0,0,0,32,1,0,0,0,0
C198,10,9086,255,1596,156,2100,27,2198,268,513,5552,8,578,9,3,514,47,2,6,2,7,29,1,1166,2921,1,4,0,13,24,74,10,23,0,1,0,51,2,1,0,1,1,1,5,0,3927,10,22,0,2,0,2,0,9,4,9,4,3,7,0,3,0,101,6,0,0,2,0,126,79,11,5,23,3,19,26,0,0,1,0,14,233,5,1,18,0,0,5,1,13,7,4,17,0,0,0,0,57,9,10,0,34,12,255,0,0,0,1,10,0,1,0,0,0,72,2,38,1,1,4,0,13,0,2,4,16,0,165,1,0,0,2,0,3,0,5,3,1,25,9,0,94,0,1,0,0,0,0,1,2,0,5,0,9,6,0,0,0,41,14,0,0,0,3,418,0,2,1,13,2,8,1,6,0,2,0,1,4,0,0,2,1,2,26,0,20,0,0,16,0,12,18,5,2,6,0,0,51,0,9,0,0,0,0,0,0,1,0,25,0,0,1,7,4,0,0,0,0,6,99,2,40,0,497,3,354,168,0,50,0,0,453,3,0,37,5,2,94,0,3,1,25,0,5,1,0,0,4,3,3,8,1,0,2,0,1,35,0,2,0,0,0,6,0,2,0,3,0,0,1,16,7,0,1,4,0,1,0,0,0,0,0,0,30,0,0,4,0,0,0,0,8,0,10,0,1,0,0,1,0,0,0,0,0,0
C199,2,2662,74,3102,2063,2473,0,503,94,221,9739,1,4,0,5,856,1206,1,69,90,11,79,9,116,25,109,6,1,186,58,0,4,0,3,0,0,64,2,20,0,1,3,0,2,0,17,12,1,0,24,0,0,0,69,0,6,4,19,2,3,0,0,475,1,0,0,78,0,340,60,1,9,0,4,173,12,2,4,2,1,0,13,8,0,12,0,4,73,4,11,9,200,9,0,0,11,0,73,5,2,0,8,24,1,0,0,1,1,0,0,1,0,0,0,11,3,25,34,3,8,0,5,0,0,3,7,0,16,8,0,0,1,0,0,0,0,1,3,39,6,0,199,1,0,0,0,0,3,0,1,3,3,0,3,10,5,0,0,502,0,0,0,0,4,4,10,1,0,0,1,2,0,0,0,2,3,2,9,0,0,0,1,3,5,0,0,0,0,0,0,15,179,8,2,0,1,0,4,0,0,0,4,0,4,0,3,0,31,1,24,0,4,46,1,1,3,0,2,10,0,0,57,0,0,0,5857,0,0,0,1,0,178,0,0,0,16,0,35,14,3,0,1772,0,3,0,0,0,1,0,3,5,2,49,0,2,18,242,0,1,0,0,1,2,0,80,0,5,1,0,2,63,11,0,4,19,8,7,3,1,4,0,0,0,83,0,0,41,0,0,15,9,0,10,2,0,0,8,0,4,0,0,0,0,0,0
C200,0,2791,79,3621,1112,1881,2,397,81,194,10064,2,7,0,3,711,898,1,54,64,9,107,5,62,9,102,5,2,115,28,3,0,0,2,0,2,46,0,29,0,0,5,0,1,0,13,6,0,0,17,0,0,2,71,1,9,5,8,2,5,0,0,753,0,0,0,63,0,340,26,4,8,0,6,185,12,5,3,16,0,1,12,11,0,16,0,3,26,4,12,13,191,2,1,0,1,3,64,9,0,0,3,19,0,0,0,0,0,0,1,6,0,2,0,10,1,50,37,1,6,0,4,0,0,0,7,1,13,3,0,0,0,0,0,0,0,0,2,38,10,0,323,2,0,0,0,0,2,5,1,0,5,0,2,4,3,0,0,748,9,0,0,0,4,2,10,5,1,1,0,5,0,0,0,1,5,2,11,1,0,0,2,0,8,0,0,0,1,0,0,21,340,4,2,5,0,1,1,0,0,0,0,0,1,0,5,0,21,7,17,0,0,33,4,0,1,0,1,6,0,0,57,0,0,0,6532,0,0,0,0,0,167,1,0,0,20,0,37,16,2,0,1690,2,1,0,0,0,3,0,3,11,13,65,0,1,11,311,0,1,0,1,0,7,0,76,0,5,1,0,5,54,12,0,2,24,8,1,5,2,3,0,7,0,94,0,0,19,0,2,6,2,0,16,1,0,0,10,4,4,0,0,0,0,0,0
C213,7379,6242,240,8008,914,2371,23,592,272,508,2235,54,767,188,26,128,151,12,8,129,20,19,62,105,462,125,10,42,49,14,1,137,8,1,8,1,79,3,4,22,1,8,21,12,33,8,0,8,2,13,7,0,0,0,2,12,4,1,1,6,5,12,2,11,229,4,11,14,3,0,22,6,1,11,58,10,2,5,33,8,6,14,10,0,18,1,5,5,7,2,3,481,15,4,2,6,2,15,27,1,1,17,4,15,2,1,2,2,1,5,1,2,38,5,3,5,0,5,0,16,21,9,3,1,2,13,5,14,2,1,0,3,2,2,3,0,2,0,88,14,0,15,4,3,0,0,2,1,0,7,1,2,0,3,17,0,1,4,1533,0,2,1,26,0,4,1,3,3,2,1,2,4,10,0,2,0,0,2,14,9,2,0,3,0,0,5,0,0,4,0,3,672,3,0,10,1,4,1,0,2,3,0,1,0,19,2,1,0,1,0,1,0,33,2,2,0,0,0,0,1,0,0,0,7,0,2,0,0,0,0,0,0,0,0,0,0,0,0,0,2,0,0,0,0,0,2,0,0,7,0,0,19,0,0,0,0,61,12,0,0,0,0,0,1,0,0,1,0,0,0,0,0,0,0,0,0,0,0,0,0,2,9,1,0,0,0,0,0,0,0,0,0,0,0,0,0,0,0,0,1,3,0,0,0,0
C214,0,2801,95,2570,4161,2651,1,774,92,208,8855,1,8,0,9,898,1583,14,63,120,8,239,25,287,15,99,4,2,186,104,1,4,0,5,0,3,57,2,5,0,0,6,0,4,0,18,23,0,0,35,0,0,6,49,2,5,3,22,3,2,3,0,580,1,0,0,50,0,317,97,1,4,0,6,206,13,1,4,6,0,1,18,5,0,20,0,8,106,3,11,12,145,4,0,0,8,0,60,11,4,2,32,12,0,0,0,0,0,0,2,1,0,1,0,15,4,67,29,0,5,0,16,0,1,1,2,0,14,2,0,1,1,0,2,0,3,6,1,16,2,0,260,1,0,0,0,7,2,0,1,1,2,0,1,5,10,3,0,502,1,0,0,0,3,4,10,2,0,2,0,5,0,0,0,3,3,0,11,0,0,0,10,1,6,0,1,1,0,0,0,15,208,3,1,1,0,0,5,0,0,0,0,0,1,0,3,0,12,10,12,0,2,29,0,1,2,1,0,4,0,0,63,0,0,0,4068,4,1,0,0,0,170,4,1,0,23,0,41,10,1,0,1314,0,2,0,0,0,3,0,1,9,3,29,0,8,17,196,0,2,0,0,0,3,0,68,0,7,1,0,2,32,9,0,0,12,10,6,3,0,3,0,11,1,121,0,0,17,0,0,14,9,0,4,0,0,0,5,2,0,0,0,0,0,0,0
C217,4,2896,62,4334,1209,4784,2,1545,32,14,6116,0,9,1,0,494,5354,7,75,2,15,48,11,226,83,45,4,5,376,272,1,1,0,0,0,1,51,3,0,0,0,10,3,0,0,35,2,5,0,40,0,3,0,9,0,9,1,3,2,6,0,0,1749,2,0,0,11,0,54,37,2,6,0,4,8,8,1,3,3,0,2,9,10,0,4,0,5,88,5,7,10,156,9,0,2,19,3,90,8,3,0,5,5,1,0,0,0,1,1,0,1,0,0,0,21,0,18,16,2,9,0,2,0,2,3,2,0,19,0,0,0,2,1,0,0,1,0,2,8,7,0,503,1,0,0,0,3,8,7,12,0,1,0,1,9,21,0,0,564,1,0,0,1,0,3,31,0,0,2,0,1,0,0,0,4,7,5,0,0,1,0,18,1,8,0,44,1,0,0,0,12,219,3,1,1,0,0,0,0,0,0,1,0,0,0,0,0,4,0,2,0,4,25,1,1,0,0,6,6,0,1,21,0,0,0,2333,0,3,1,4,3,57,9,1,0,25,0,14,7,0,1,568,1,1,1,0,1,1,0,0,2,5,17,0,5,13,101,0,2,0,5,0,0,0,6,0,2,0,0,0,26,1,0,1,8,7,6,1,0,2,0,5,0,22,0,0,7,0,1,0,2,0,1,1,0,0,1,0,0,0,0,0,0,0,0
C221,12,5509,10,5711,9,1597,0,2,153,33,9506,0,11,1,0,2,116,2,0,11,17,108,0,8,16,39,14,27,174,0,0,0,0,0,0,2,126,1,35,0,2,13,0,0,0,4,48,0,0,65,0,0,0,26,3,18,9,0,6,8,0,0,274,0,0,0,2,0,10,0,3,21,0,9,0,22,3,2,41,1,11,41,22,0,15,0,1,9,11,3,3,1,13,0,0,1,1,368,13,0,2,0,11,0,1,0,0,1,0,0,1,0,2,0,47,2,0,150,0,14,0,0,1,3,1,10,0,31,2,0,0,3,0,0,0,0,0,2,199,5,0,8,0,0,0,0,0,2,0,1,1,3,0,1,7,2,0,0,10,7,0,0,0,0,0,0,0,0,0,1,5,1,0,0,1,0,0,7,2,0,0,0,0,0,0,0,3,9,0,0,12,0,0,2,0,0,1,0,0,0,0,4,0,6,0,3,0,2,7,52,0,0,4,1,1,1,3,0,15,0,0,153,0,0,0,8278,0,0,1,0,0,126,0,0,0,0,0,36,1,11,0,335,25,1,0,0,3,1,1,1,102,0,596,0,0,105,275,0,3,0,0,1,4,0,80,2,1,15,0,34,26,45,0,18,28,17,54,6,1,6,0,0,0,16,1,0,0,0,5,30,0,0,13,1,0,6,56,6,11,0,0,0,0,0,0
C241,18,3589,58,4066,5368,1929,4,738,92,53,7501,1,6,3,3,1292,1737,54,97,21,17,232,17,466,29,87,3,1,272,125,0,4,0,5,0,0,82,4,22,0,0,8,0,0,0,34,12,5,0,29,0,5,0,45,0,13,2,27,0,0,0,0,414,6,0,0,30,0,209,104,0,10,0,4,58,14,0,1,8,1,5,11,10,0,15,0,2,133,6,19,11,116,7,0,0,10,1,50,15,4,0,19,9,0,0,0,0,0,5,1,2,0,1,0,16,2,36,22,0,6,0,3,0,4,3,6,0,15,0,0,0,2,0,1,0,0,0,2,31,4,0,164,2,0,0,0,7,0,0,5,2,2,0,1,10,7,5,0,389,7,0,0,0,7,4,3,11,0,0,0,1,0,0,0,1,1,4,17,0,0,0,15,2,1,0,0,1,0,0,0,15,166,3,0,2,0,0,9,0,0,0,0,0,0,0,1,0,23,7,12,0,3,36,1,0,2,1,0,8,0,0,44,0,0,0,3064,4,0,2,0,0,200,1,0,0,26,1,41,7,1,0,1096,0,0,0,0,0,1,0,3,6,4,15,0,9,16,152,0,3,0,1,0,2,0,46,0,4,1,0,1,38,10,0,2,7,11,4,2,0,1,0,6,2,105,0,0,20,0,0,0,0,0,2,3,0,0,3,2,2,0,0,0,0,0,0
C247,1778,7155,2516,5958,5011,1943,192,606,1029,10,335,196,1452,122,55,1674,1030,16,210,14,31,228,894,179,377,0,9,42,46,227,13,158,13,15,40,4,169,30,37,1,2,12,0,0,4,1,7,14,0,14,1,2,5,13,0,27,13,63,15,5,0,0,3,16,391,1,21,3,2,35,1,13,21,6,21,14,1,4,122,2,8,15,21,0,13,0,9,8,8,33,0,0,22,0,6,39,3,61,15,16,0,106,0,5,0,3,2,0,0,4,7,1,0,1,12,4,1,11,1,8,2,6,1,2,5,11,4,5,0,0,19,2,6,0,0,3,48,0,0,8,0,7,1,1,12,1,11,2,3,3,3,5,10,4,9,5,2,6,2,0,1,4,8,2,2,2,11,1,2,5,3,1,8,24,2,2,2,2,0,0,1,13,4,0,5,3,1,0,0,0,3,2,0,0,0,1,0,4,0,1,1,0,12,0,71,0,0,0,0,6,1,7,0,0,2,0,5,0,4,0,0,0,3,2,0,2,0,0,0,1,0,0,0,5,0,0,0,0,0,0,0,0,0,0,0,0,1,0,0,0,0,0,0,0,6,0,0,0,1,0,0,0,0,0,0,0,0,0,0,0,0,0,0,0,0,0,0,0,0,0,0,0,0,0,0,0,0,0,0,0,0,0,0,0,0,0,0,0,0,0,0,0,0,0,0
C248,1587,7156,2239,6462,4628,1870,214,610,1288,7,280,194,1361,162,22,1736,1007,5,240,32,57,409,554,144,373,0,5,44,34,263,8,124,12,9,52,2,141,21,62,5,2,6,0,0,1,1,16,16,0,6,2,3,1,9,1,22,22,70,8,1,0,3,5,12,392,1,13,1,1,31,4,18,22,6,32,9,3,11,88,4,10,25,41,1,27,0,18,8,6,71,0,1,14,0,6,59,3,55,16,13,0,109,0,5,0,5,5,3,1,3,4,0,0,0,21,6,0,25,0,15,0,3,0,3,20,17,0,8,0,0,26,3,4,0,0,5,30,0,1,12,1,7,4,0,12,5,7,4,0,9,0,8,9,3,11,11,9,3,5,0,0,0,12,2,34,1,12,1,8,0,1,4,4,19,3,0,0,0,0,0,2,11,0,0,7,2,2,1,1,2,0,1,0,0,0,2,10,9,0,1,1,0,43,1,69,0,0,0,0,154,0,8,0,0,11,1,5,2,4,0,0,0,8,0,0,0,0,0,0,0,0,0,0,4,3,0,0,0,0,1,0,0,1,0,1,0,1,0,0,0,0,0,0,0,3,0,0,0,1,0,0,1,0,2,6,1,0,0,1,0,0,0,0,0,0,0,0,0,0,0,0,1,0,0,0,0,0,0,0,0,0,0,0,0,0,0,0,0,0,0,0,0,0,0,0
