,EBCT,Ammonia_out,Nitrate_in,Nitrite_out,Se_D_in,CODin,MicroC,Acetate,Reactor_1,Reactor_2,Otu157,Otu6091,Otu262,Otu18,Otu109,Otu4178,Otu6,Otu17,Otu77,Otu1,Otu74,Otu2974,Otu81,Otu8,Otu2871,Otu92,Otu3705,Otu31,Otu230,Otu46,Otu50
0,-0.19127592973283744,-0.06085355444125739,-1.1664679169697474,1.080075506457152,-0.8085688435836907,-0.004053245748348492,2.6457513110645903,-2.6457513110645903,0.9309493362512626,-0.9309493362512626,-0.6808528352296511,-0.11153083630463931,-0.4765712129692655,-2.150252700674472,-1.16425559420201,0.644080825763426,0.7178041716807301,0.3626463952482374,1.0711378912885254,-0.13864350300726344,-0.37997035753451897,2.4415558266067054,-1.6550733328594556,-1.1408423235851235,-0.5396818262146126,-0.5629374545161897,0.06608941837055712,-1.1534565534439196,-0.9905087678256896,-1.4903919577145854,-1.5082409613816046
1,0.2104035227061216,1.3022660650429103,-1.0487808557134537,1.025242877193732,0.3171936733332846,-0.27967395663604594,2.6457513110645903,-2.6457513110645903,0.9309493362512626,-0.9309493362512626,-0.6808528352296511,1.3370674897868686,-0.4765712129692655,-2.498569887446455,-1.16425559420201,1.0948536252356509,0.6787437046461956,0.3626463952482374,1.0872414143299554,-1.0058155349789035,-1.108503343301337,2.9777169085310775,-1.6550733328594556,-0.9502468046656413,0.3581536230373216,-0.9728884505562118,0.06608941837055712,-0.12691331874424827,-0.9905087678256896,-1.0138210773238276,-1.0353587729093614
2,-0.057382778919851087,1.3022660650429103,-0.9899373250853069,-0.4552381129186032,-0.819569780231088,-0.231035007655864,2.6457513110645903,-2.6457513110645903,0.9309493362512626,-0.9309493362512626,2.161061135491991,-0.11153083630463931,-0.4765712129692655,-1.3944305286658951,-1.16425559420201,1.2762759906998744,0.5980382600154454,-0.399013720748042,2.3969904746886463,-0.5787264951258067,-1.108503343301337,1.4200993688085621,-1.6550733328594556,-0.33120637482799775,-0.014481756584098435,0.7685536646858002,0.06608941837055712,0.25647062308543256,1.258795066576003,-1.4903919577145854,-0.7587404253941449
3,-0.057382778919851087,1.3022660650429103,-0.9899373250853069,-0.4552381129186032,-0.819569780231088,-0.231035007655864,2.6457513110645903,-2.6457513110645903,0.9309493362512626,-0.9309493362512626,1.597733755938577,-0.11153083630463931,-0.4765712129692655,-1.2935903982126646,-1.16425559420201,1.3563454457992357,0.7026127878904151,-1.0609993865515133,1.8114251184212615,0.8885628386306715,-0.6488502061228003,1.8126796224511188,-1.6550733328594556,-0.9502468046656413,0.3581536230373216,0.7365764571972546,0.5305337750736461,0.10459607983355365,0.7684726596562619,-1.4903919577145854,-1.5082409613816046
4,0.5451363997385874,1.3022660650429103,2.1876133288346247,-0.7842338884991221,-0.8269037379960194,2.8656447440823833,-0.3779644730092272,0.3779644730092272,0.9309493362512626,-0.9309493362512626,1.101992845376921,-0.11153083630463931,-0.4765712129692655,1.057982430074255,0.04582677231636377,1.0705223276040836,0.8785019481401621,-0.726471530459803,1.0578740364755446,0.9751020237385288,0.41843132699515856,-0.457718397762827,0.7925984706942764,-0.5690557668266769,-0.014481756584098435,0.4843187897017939,0.5305337750736461,0.3635420114882193,-0.15126134211691802,0.6348432948217734,-1.5082409613816046
5,-1.195474560830235,1.3022660650429103,-0.04844083503495665,0.03825555045217529,1.1239290274757423,-0.5715076505171374,-0.3779644730092272,0.3779644730092272,0.9309493362512626,-0.9309493362512626,0.24338483357079801,0.9842914944968999,-0.4765712129692655,-0.08037276582300636,-1.16425559420201,1.1066336746020067,0.8770340242812414,-0.6665075511381573,0.42816196240207,0.9775373514026003,-0.6488502061228003,-0.457718397762827,0.7051262361650823,-0.9502468046656413,-0.014481756584098435,0.4843187897017939,1.4339977706346616,0.25647062308543256,0.7684726596562619,-0.7350449833595669,-0.7587404253941449
6,-1.195474560830235,1.3022660650429103,-0.04844083503495665,0.03825555045217529,1.1239290274757423,-0.5715076505171374,-0.3779644730092272,0.3779644730092272,0.9309493362512626,-0.9309493362512626,-1.1429716696298757,-1.2073531671061786,-0.4765712129692655,-0.13650574954268582,-0.6431014856045708,1.1514201051012602,0.08070991931921466,-1.9769810624014659,-0.17474530249604453,-1.3122865737238723,-0.6488502061228003,-0.457718397762827,-0.8391827316748782,-1.1408423235851235,-1.4375172754665466,0.11096302782851429,-0.5885081368261049,-1.3429884375831453,0.23896648816834665,-0.7350449833595669,-0.18069282202068093
7,-1.195474560830235,1.3022660650429103,-0.04844083503495665,0.03825555045217529,1.1239290274757423,-0.5715076505171374,-0.3779644730092272,0.3779644730092272,0.9309493362512626,-0.9309493362512626,0.8542727039410556,1.6253064654686542,-0.4765712129692655,0.01599058243378318,-1.16425559420201,0.7635823003818564,0.8549853456702998,-1.187997391574754,0.5789796016256151,0.7762604068966394,-1.108503343301337,-0.457718397762827,0.6405067471840944,-0.5366688229993857,0.647192078737336,1.281778848920167,1.4339977706346616,-0.3281061109391164,0.5980097466380563,-1.0138210773238276,-0.18069282202068093
8,-0.057382778919851087,-0.7424133641833415,2.540674512603506,-0.7842338884991221,1.9416653182655972,2.184699458359837,-0.3779644730092272,0.3779644730092272,0.9309493362512626,-0.9309493362512626,0.15435991469911767,-1.2073531671061786,-0.4765712129692655,-0.5327177768784805,-1.16425559420201,1.4944714793214104,0.8116589233152355,-1.5824892269881097,0.8004192532327732,-0.3333325841223353,-0.6488502061228003,-0.457718397762827,-0.3244130757282247,-1.1408423235851235,-0.014481756584098435,0.06164828689806694,1.4339977706346616,-0.6191961788747958,1.4047452050144447,-1.4903919577145854,-1.5082409613816046
9,-0.057382778919851087,-0.7424133641833415,2.540674512603506,-0.7842338884991221,1.9416653182655972,2.184699458359837,-0.3779644730092272,0.3779644730092272,0.9309493362512626,-0.9309493362512626,-0.21873400082942648,-0.11153083630463931,-0.4765712129692655,0.022690888072244512,-1.16425559420201,1.8336236623089202,0.7681175755512677,-1.9769810624014659,0.6206560109292899,-0.1438374154752805,-0.6488502061228003,-0.457718397762827,-0.6255340209661483,-1.1408423235851235,-1.4375172754665466,0.21879424449287324,0.06608941837055712,-0.16253410745100844,0.4960029889607872,-0.38382864133008,-1.0353587729093614
10,-0.5929553821717964,-0.7424133641833415,0.30462034873392463,-0.6197360007088626,0.14117868697493013,0.3202064141195308,-0.3779644730092272,0.3779644730092272,0.9309493362512626,-0.9309493362512626,-1.1429716696298757,0.5294841346671151,2.1637267188895932,0.30152375959171207,1.8622712835118722,0.6701102481507089,-0.8206278204788028,-0.3012083409202126,-0.7687843492533353,-1.8716077997022327,-0.6488502061228003,-0.457718397762827,0.24980074769936617,-1.1408423235851235,-0.5396818262146126,-1.1430334867795338,-1.707550048725856,-1.1534565534439196,-0.9905087678256896,0.8247803220549313,1.0252499554160486
11,-0.5929553821717964,-0.7424133641833415,0.30462034873392463,-0.6197360007088626,0.14117868697493013,0.3202064141195308,-0.3779644730092272,0.3779644730092272,0.9309493362512626,-0.9309493362512626,-1.1429716696298757,-1.2073531671061786,2.004012782890547,0.2072222228860593,1.6278546450291511,0.5578286372860651,-0.892730385095335,-0.4750106311288868,-0.41943997648916004,-1.9829855485227013,-0.6488502061228003,-0.457718397762827,0.35607539486315826,-0.9502468046656413,-0.5396818262146126,-0.4932765309228116,-1.707550048725856,-1.610118624867707,-0.9905087678256896,0.6348432948217734,0.6599061400225847
12,-0.5929553821717964,-0.7424133641833415,0.30462034873392463,-0.6197360007088626,0.14117868697493013,0.3202064141195308,-0.3779644730092272,0.3779644730092272,0.9309493362512626,-0.9309493362512626,-1.1429716696298757,0.5294841346671151,1.6676099197176304,0.08812576013530919,1.8622712835118722,0.22894337863894806,-0.7743170738426763,-0.3319796950464471,-0.5644309913483395,-1.6370146606465195,-0.37997035753451897,-0.457718397762827,0.190356580218429,-0.9502468046656413,-0.014481756584098435,-0.7330824907395116,1.1851313302703081,-1.610118624867707,-0.9905087678256896,0.6654059461856436,0.8345102319952538
13,-1.7979937394886736,-0.7424133641833415,-0.607454376002352,-0.4091787043373305,-0.6142189628130077,-0.6525725654841071,-0.3779644730092272,0.3779644730092272,-1.0741723110591492,1.0741723110591492,-1.1429716696298757,1.3370674897868686,-0.4765712129692655,0.3184324175408109,0.5669808809138029,-1.0594259211178776,-0.39834381763202686,-0.6665075511381573,-1.4674730947816856,0.926663512007782,-0.04122181018337796,-0.457718397762827,1.4218489968574364,1.336496337209286,1.54502752798927,-0.8409137074038707,0.06608941837055712,1.2343466208573453,-0.9905087678256896,0.15827241443101547,1.6335202935339264
14,-1.7979937394886736,-0.7424133641833415,-0.607454376002352,-0.4091787043373305,-0.6142189628130077,-0.6525725654841071,-0.3779644730092272,0.3779644730092272,-1.0741723110591492,1.0741723110591492,-0.41053064622854984,-1.2073531671061786,-0.4765712129692655,0.30910904290332164,0.48776384424539465,-1.0594259211178776,-0.3009000141775622,-0.16825079019056666,-1.4674730947816856,0.9818255348189325,-0.04122181018337796,-0.457718397762827,1.719030115190413,1.3568979056906914,1.8848686813003612,-0.8409137074038707,0.06608941837055712,1.4985421747560335,0.06850357515014101,-0.5372501969330697,1.8870101621364097
15,-1.7979937394886736,-0.7424133641833415,-0.607454376002352,-0.4091787043373305,-0.6142189628130077,-0.6525725654841071,-0.3779644730092272,0.3779644730092272,-1.0741723110591492,1.0741723110591492,-1.1429716696298757,-1.2073531671061786,-0.4765712129692655,0.33299910348907374,0.7642437685243703,-1.0594259211178776,-0.28819755006254727,-0.06054722323038845,-1.4674730947816856,0.9870532202330952,0.18190615379604685,-0.457718397762827,1.4675653126542063,1.2873831618413207,1.6684830660090164,-0.8409137074038707,2.009826717770395,1.3795997605774992,-0.9905087678256896,-0.38382864133008,1.5913073593354843
16,0.14345694729962846,-0.7424133641833415,-1.342998508854188,-0.8352282337141025,-0.7939009280538278,-1.0254711743321685,-0.3779644730092272,0.3779644730092272,-1.0741723110591492,1.0741723110591492,-0.6808528352296511,-1.2073531671061786,-0.4765712129692655,1.9784587376011993,-1.16425559420201,-1.0594259211178776,-3.408132470238391,0.6207328806361454,0.5429644699900025,-1.7280169075748208,2.6328669710545682,-0.457718397762827,-1.6550733328594556,-0.6982932334463419,-1.4375172754665466,-1.1430334867795338,-1.707550048725856,0.2755683111454477,-0.4610025963377743,-1.4903919577145854,-0.7587404253941449
17,-0.8607416837977692,0.6207062553008268,-0.7545632025727191,-0.8149401608866371,1.4759590001924514,-1.0741101233123502,-0.3779644730092272,0.3779644730092272,-1.0741723110591492,1.0741723110591492,-1.1429716696298757,1.6253064654686542,-0.4765712129692655,1.1060699899033293,0.9203608401877471,-1.0594259211178776,-0.7321285337392917,0.6607888030594139,-1.4674730947816856,0.8387817549727952,1.337737601352232,-0.457718397762827,0.12573709123744067,0.6529494969914457,1.2559890722892557,-1.7927904426362558,-0.5885081368261049,0.12855596048467113,-0.9905087678256896,1.8719502039776665,1.2962990900591784
18,1.2146021538035192,-0.7424133641833415,0.010402695593190228,1.6333367357250574,-0.5408793851636934,-0.03647921173513643,-0.3779644730092272,0.3779644730092272,-1.0741723110591492,1.0741723110591492,-0.6808528352296511,-0.11153083630463931,-0.4765712129692655,1.3336547350879104,0.8199630663169934,-1.0594259211178776,-0.1945193953329292,1.1767260978480552,-1.4674730947816856,1.2367065821221828,1.8605946645955294,-0.457718397762827,0.4040052909271588,0.5986666514411834,0.3581536230373216,-0.7330824907395116,-0.5885081368261049,-0.0010415232246593744,-0.9905087678256896,1.8237755003366476,0.7650715549238055
19,-0.6599019575782896,1.9838258747849948,-0.8722502638290129,-0.8385181914699077,-0.8599065479382108,-0.7822764294312589,-0.3779644730092272,0.3779644730092272,-1.0741723110591492,1.0741723110591492,-1.1429716696298757,-1.2073531671061786,-0.4765712129692655,1.380635525817908,-1.16425559420201,-1.0594259211178776,-3.408132470238391,2.3283597976255224,-1.4674730947816856,1.2141279793648347,2.73910938357847,-0.457718397762827,0.6405067471840944,0.6409833702077217,-1.4375172754665466,-1.3828394465962337,-1.707550048725856,-0.6191961788747958,-0.9905087678256896,0.6028586234147528,0.5005282976470524
20,-0.5929553821717964,1.3022660650429103,-1.01935909039938,-0.8385181914699077,0.2805238845086274,-1.3821568001868356,-0.3779644730092272,0.3779644730092272,-1.0741723110591492,1.0741723110591492,-1.1429716696298757,-1.2073531671061786,-0.4765712129692655,1.3839715558482824,-1.16425559420201,-0.44471754427560806,-2.7506014047920235,2.126501755916882,-0.9137753641125148,0.46723184338594803,3.313460879840333,-0.457718397762827,-0.4598152063214191,-0.11971691912682783,-1.4375172754665466,-1.7927904426362558,0.5305337750736461,0.7776845494335577,0.7684726596562619,0.2180967774219488,-0.7587404253941449
21,-1.7979937394886736,-0.7424133641833415,-0.607454376002352,-0.4091787043373305,-0.6142189628130077,-0.6525725654841071,-0.3779644730092272,0.3779644730092272,-1.0741723110591492,1.0741723110591492,-1.1429716696298757,-0.11153083630463931,-0.4765712129692655,0.449421112427472,0.8199630663169934,-1.0594259211178776,-0.3523815282690788,-0.8695024665422427,-0.9137753641125148,0.6567597628082713,0.07968277964401767,-0.457718397762827,1.1207280516195128,1.3425472113085097,2.15382452154119,-0.6419124961008826,1.4339977706346616,1.225503211489818,-0.15126134211691802,0.32408252945049193,1.1468553173402427
22,-0.8607416837977692,-0.7424133641833415,1.7404024960607087,-0.836324886299371,1.3952854647782056,1.6172450535910483,-0.3779644730092272,0.3779644730092272,-1.0741723110591492,1.0741723110591492,-1.1429716696298757,-1.2073531671061786,-0.4765712129692655,0.41097471550435655,0.6386414072627069,-1.0594259211178776,-0.05241796975205978,-0.10121676448897149,-1.4674730947816856,0.7338510318694192,0.34856262823229905,-0.457718397762827,-0.02329213049030103,1.199707012887705,2.2323517609080388,-0.8409137074038707,1.4339977706346616,0.683406264082024,-0.4610025963377743,0.8706337395551317,0.9734104861192957
23,1.2146021538035192,-0.7424133641833415,0.010402695593190228,1.6333367357250574,-0.5408793851636934,-0.03647921173513643,-0.3779644730092272,0.3779644730092272,-1.0741723110591492,1.0741723110591492,0.947451508840391,-1.2073531671061786,-0.4765712129692655,-0.416580559944311,-0.3382458749783077,-1.0594259211178776,0.5545597421563906,0.8354628801344219,0.3917125374227821,0.6584368092720926,0.18190615379604685,-0.457718397762827,0.569724105571888,1.2091081892701991,-0.014481756584098435,1.431140500408907,-1.707550048725856,0.9672164335727831,1.6570220896138872,-0.15248835094026578,0.6005448217819185
24,1.2146021538035192,-0.7424133641833415,0.010402695593190228,1.6333367357250574,-0.5408793851636934,-0.03647921173513643,-0.3779644730092272,0.3779644730092272,-1.0741723110591492,1.0741723110591492,0.947451508840391,-1.2073531671061786,-0.4765712129692655,-0.25438193444158114,0.48776384424539465,-1.0594259211178776,0.4349923628270768,0.7524539950449823,0.2296352288614398,0.5201887147059501,0.07968277964401767,-0.457718397762827,0.12573709123744067,1.2717560625625026,-0.014481756584098435,1.2088412727962397,0.06608941837055712,1.260186172129597,1.9667633438347434,0.0927422390606777,1.0252499554160486
25,1.2146021538035192,-0.7424133641833415,0.010402695593190228,1.6333367357250574,-0.5408793851636934,-0.03647921173513643,-0.3779644730092272,0.3779644730092272,-1.0741723110591492,1.0741723110591492,1.054351400574102,-0.11153083630463931,-0.4765712129692655,-0.21017626445448484,-0.12194737700713149,-1.0594259211178776,0.39046038044941334,0.7235088720994485,0.13425775418001082,0.5612435213890055,-0.18919706894426375,-0.457718397762827,0.30483745043493526,1.281739405479585,-0.5396818262146126,1.1938674535385094,1.4339977706346616,1.1794128069074774,1.846348082687038,-0.25847410296880907,0.8561699809796117
26,1.2146021538035192,-0.7424133641833415,0.010402695593190228,1.6333367357250574,-0.5408793851636934,-0.03647921173513643,-0.3779644730092272,0.3779644730092272,-1.0741723110591492,1.0741723110591492,1.1676225023712474,0.5294841346671151,0.5156623853746595,-1.6898024255484592,-1.16425559420201,-1.0594259211178776,0.45947913631243226,0.9816469069112966,-0.41943997648916004,0.8611654815870724,0.7301092054128094,-0.457718397762827,-0.6255340209661483,0.35921392422946047,-0.5396818262146126,2.307296808457914,-0.5885081368261049,-0.37693022942632737,0.9077510008589127,-1.0138210773238276,-1.5082409613816046
27,-0.5929553821717964,-0.7424133641833415,0.30462034873392463,-0.6197360007088626,0.14117868697493013,0.3202064141195308,-0.3779644730092272,0.3779644730092272,0.9309493362512626,-0.9309493362512626,-1.1429716696298757,0.9842914944968999,2.887775262138285,-0.11416805082591217,0.7642437685243703,-0.056879739556204324,-1.4661504368355927,2.0782413830524837,-0.6563205808697437,-1.3344738035007704,-0.37997035753451897,-0.457718397762827,1.8289825833894968,-0.6982932334463419,-0.5396818262146126,-0.3745930048435503,0.06608941837055712,-1.610118624867707,-0.9905087678256896,0.5340465972033467,-0.08959439596487494
28,-1.7979937394886736,-0.7424133641833415,-0.607454376002352,-0.4091787043373305,-0.6142189628130077,-0.6525725654841071,-0.3779644730092272,0.3779644730092272,-1.0741723110591492,1.0741723110591492,-0.6808528352296511,-1.2073531671061786,-0.4765712129692655,0.2976877449486988,0.8718364915400663,-1.0594259211178776,-0.14034141479993714,0.1502441348419448,-1.4674730947816856,0.732048464058961,-0.04122181018337796,-0.457718397762827,1.3343767623282428,1.331749490672134,1.9808609414406049,0.13415950164176535,0.8907848058706447,1.247393069078344,-0.4610025963377743,-0.15248835094026578,1.3290521694518547
29,-1.7979937394886736,-0.7424133641833415,-0.607454376002352,-0.4091787043373305,-0.6142189628130077,-0.6525725654841071,-0.3779644730092272,0.3779644730092272,-1.0741723110591492,1.0741723110591492,0.5137070225718994,0.5294841346671151,-0.4765712129692655,-0.37820195600315476,-0.12194737700713149,-1.0594259211178776,-0.256927167557061,0.02998149144062737,-1.4674730947816856,0.5004799310466621,-0.18919706894426375,-0.457718397762827,0.7645704036460198,1.4034708594234415,1.0830254921886708,0.4317121983307352,0.06608941837055712,1.2028609794895269,-0.9905087678256896,-0.38382864133008,0.8121402020636207
30,-0.5929553821717964,-0.7424133641833415,0.30462034873392463,-0.6197360007088626,0.14117868697493013,-0.6525725654841071,-0.3779644730092272,0.3779644730092272,0.9309493362512626,-0.9309493362512626,-1.1429716696298757,2.0801138252984392,3.199352102081122,0.1192775368472893,0.48776384424539465,0.22894337863894806,-1.4583104500132527,2.1085546837015805,-0.486739450409052,-1.3344738035007704,-1.108503343301337,-0.457718397762827,2.427429597801071,-0.7596512857461591,-1.4375172754665466,-0.9728884505562118,-0.5885081368261049,-2.0667806962914947,-0.9905087678256896,1.675876435835941,0.3832877925073684
31,0.7459761259580671,-0.7424133641833415,1.4814909612968619,-0.8390665177625418,1.7949861629669688,1.2767724107297749,-0.3779644730092272,0.3779644730092272,0.9309493362512626,-0.9309493362512626,-1.1429716696298757,-1.2073531671061786,1.096081832361473,0.2576254653871883,0.9203608401877471,0.8619987000515377,-0.42928794541434945,-0.0805187957155308,-0.6563205808697437,-1.0058155349789035,-0.6488502061228003,-0.457718397762827,0.05495444962523439,-1.1408423235851235,-0.5396818262146126,-0.23196150006086064,-1.707550048725856,-1.1534565534439196,-0.4610025963377743,1.6185477069671592,0.3832877925073684
32,1.2146021538035192,-0.7424133641833415,0.010402695593190228,1.6333367357250574,-0.5408793851636934,-0.03647921173513643,-0.3779644730092272,0.3779644730092272,-1.0741723110591492,1.0741723110591492,0.7840292115730004,-0.11153083630463931,-0.4765712129692655,-0.13650574954268582,0.7642437685243703,-1.0594259211178776,0.2894081940246649,0.46485418871777856,0.016516477949946116,0.38823987769113755,0.07968277964401767,-0.457718397762827,0.8708450508098116,1.3181129190898107,0.3581536230373216,1.103959859099541,0.8907848058706447,1.076261335500617,1.0255091604487023,-0.7350449833595669,0.8121402020636207
33,1.2146021538035192,-0.7424133641833415,0.010402695593190228,1.6333367357250574,-0.5408793851636934,-0.03647921173513643,-0.3779644730092272,0.3779644730092272,-1.0741723110591492,1.0741723110591492,0.7459218942229614,-0.11153083630463931,-0.4765712129692655,-0.1945527632313041,0.29880895771955424,-1.0594259211178776,0.33567808546427447,0.6087507240767663,-0.010733260679168648,0.5848327885046332,-0.37997035753451897,-0.457718397762827,-0.02329213049030103,1.2543725862210293,-0.014481756584098435,1.1976465991060778,-0.5885081368261049,0.662816335053795,1.4984030716369359,-0.25847410296880907,0.3832877925073684
34,1.2146021538035192,-0.7424133641833415,0.010402695593190228,1.6333367357250574,-0.5408793851636934,-0.03647921173513643,-0.3779644730092272,0.3779644730092272,-1.0741723110591492,1.0741723110591492,1.1676225023712474,0.5294841346671151,0.30975530969610376,-1.520719918724871,-1.16425559420201,-0.44471754427560806,0.7776258952259925,1.1130300958773311,0.47299126357051896,0.21856723612964782,1.4158441613502581,-0.457718397762827,-0.8391827316748782,0.40360802121307954,-1.4375172754665466,1.654647747723328,0.5305337750736461,-0.6967944820201323,0.06850357515014101,-1.4903919577145854,-1.5082409613816046
35,1.2146021538035192,-0.7424133641833415,0.010402695593190228,1.6333367357250574,-0.5408793851636934,-0.03647921173513643,-0.3779644730092272,0.3779644730092272,-1.0741723110591492,1.0741723110591492,0.947451508840391,-0.11153083630463931,-0.4765712129692655,0.012606627033224752,0.48776384424539465,-1.0594259211178776,0.33443713584003343,0.6026636990519599,-0.010733260679168648,0.11632513794061711,-0.04122181018337796,-0.457718397762827,0.4040052909271588,1.2391882691080585,-0.014481756584098435,0.9597211949882247,0.06608941837055712,1.030009077556498,1.468441744162383,-0.06067931654231206,0.46364229906555804
36,1.2146021538035192,-0.7424133641833415,0.010402695593190228,1.6333367357250574,-0.5408793851636934,-0.03647921173513643,-0.3779644730092272,0.3779644730092272,-1.0741723110591492,1.0741723110591492,0.7055036679710227,-0.11153083630463931,0.01954558620269696,-0.16954683446861601,0.5669808809138029,-1.0594259211178776,0.4255653452076233,0.5902907897037184,0.15483193304219833,0.7132805659168135,-1.108503343301337,-0.457718397762827,-0.02329213049030103,1.2322044979064188,-0.014481756584098435,1.3258421966908502,0.5305337750736461,0.9539064029894746,1.5818221500653642,-0.06067931654231206,0.06263966607616102
37,1.2146021538035192,-0.7424133641833415,0.010402695593190228,1.6333367357250574,-0.5408793851636934,-0.03647921173513643,-0.3779644730092272,0.3779644730092272,-1.0741723110591492,1.0741723110591492,0.4556968376620742,-1.2073531671061786,-0.4765712129692655,-0.26019142663667355,0.48776384424539465,-1.0594259211178776,0.4235101523754159,0.708464875111181,0.04236816465860679,0.5530398567495634,-0.18919706894426375,-0.457718397762827,0.4914775254563525,1.2136646565467526,-0.5396818262146126,1.2051332088066653,0.5305337750736461,0.8601450451699967,1.3707877955711028,-0.06067931654231206,0.4246474122878292
38,1.2146021538035192,-0.7424133641833415,0.010402695593190228,1.6333367357250574,-0.5408793851636934,-0.03647921173513643,-0.3779644730092272,0.3779644730092272,-1.0741723110591492,1.0741723110591492,1.1676225023712474,-0.11153083630463931,-0.4765712129692655,-0.15511956188732084,0.18290823361913158,-1.0594259211178776,0.4994748297285478,0.9150057921087187,0.27924876903919055,0.35899064406298575,-0.6488502061228003,-0.457718397762827,-0.3244130757282247,1.223166954690574,-0.014481756584098435,1.281778848920167,0.8907848058706447,0.993055984845035,2.027909243124851,-0.15248835094026578,0.29218936645156224
39,-0.19127592973283744,-0.06085355444125739,-1.1664679169697474,1.080075506457152,-0.8085688435836907,-0.004053245748348492,2.6457513110645903,-2.6457513110645903,0.9309493362512626,-0.9309493362512626,-1.1429716696298757,-1.2073531671061786,-0.4765712129692655,-2.150252700674472,-1.16425559420201,0.7416370689569665,0.6914559646736466,0.23797612931698034,0.8684182378744625,-0.5449560011506619,-1.108503343301337,3.094489662028587,-1.6550733328594556,-1.1408423235851235,-0.5396818262146126,-0.9728884505562118,0.06608941837055712,-0.7847681823629038,-0.9905087678256896,-1.4903919577145854,-1.5082409613816046
40,0.8129227013645601,1.9838258747849948,-0.8134067332008661,-0.8390665177625418,-0.8379046746434164,-1.23623995324629,-0.3779644730092272,0.3779644730092272,0.9309493362512626,-0.9309493362512626,1.2273666194695998,-0.11153083630463931,-0.4765712129692655,0.5964708758251343,-1.16425559420201,0.7846992094089311,0.8949010690372431,-0.8695024665422427,1.442885836553746,0.5870108158918703,-0.6488502061228003,2.105901681392109,-1.6550733328594556,-1.1408423235851235,-0.5396818262146126,0.5441104976817874,-0.5885081368261049,0.7033721588643977,0.9077510008589127,-0.38382864133008,-1.0353587729093614
41,-0.19127592973283744,-0.06085355444125739,-1.1664679169697474,1.080075506457152,-0.8085688435836907,-0.004053245748348492,2.6457513110645903,-2.6457513110645903,0.9309493362512626,-0.9309493362512626,-1.1429716696298757,-1.2073531671061786,-0.4765712129692655,-2.498569887446455,-1.16425559420201,0.2822724434313051,0.8116589233152355,-0.022591066918871344,0.6043966204382956,-2.0739877954510026,-0.37997035753451897,2.105901681392109,-1.6550733328594556,-1.1408423235851235,-0.5396818262146126,-1.7927904426362558,-0.5885081368261049,-0.6191961788747958,-0.9905087678256896,-1.4903919577145854,-1.5082409613816046
42,0.7459761259580671,-0.7424133641833415,1.4814909612968619,-0.8390665177625418,1.7949861629669688,1.2767724107297749,-0.3779644730092272,0.3779644730092272,0.9309493362512626,-0.9309493362512626,-0.06996496485939363,-1.2073531671061786,-0.4765712129692655,0.0910389014995423,-1.16425559420201,1.5283928756664638,0.6509756945199124,-1.5824892269881097,0.30980342045596293,-0.6096103953455991,-1.108503343301337,-0.457718397762827,-0.8391827316748782,-0.6982932334463419,-0.5396818262146126,0.08681950134053225,0.06608941837055712,-0.6191961788747958,0.5980097466380563,-0.38382864133008,-1.0353587729093614
43,0.7459761259580671,-0.7424133641833415,1.4814909612968619,-0.8390665177625418,1.7949861629669688,1.2767724107297749,-0.3779644730092272,0.3779644730092272,0.9309493362512626,-0.9309493362512626,-0.06996496485939363,0.5294841346671151,2.351512693867617,0.24709016383498647,1.7305412074193232,0.5258466941047906,-0.34637754425567274,-0.5171878061555049,-0.3600776334433438,-1.1553133656822743,-0.18919706894426375,-0.457718397762827,0.30483745043493526,-0.21493291491780142,0.3581536230373216,0.11096302782851429,-1.707550048725856,-1.3429884375831453,-0.9905087678256896,1.4403984412082877,0.7650715549238055
44,-0.5929553821717964,-0.7424133641833415,0.30462034873392463,-0.6197360007088626,0.14117868697493013,0.3202064141195308,-0.3779644730092272,0.3779644730092272,0.9309493362512626,-0.9309493362512626,-0.41053064622854984,0.9842914944968999,2.2319445269672764,0.15886614733987836,1.6092890981086818,0.41721025364055997,-1.0129433286514795,0.44097104472106585,-0.6563205808697437,-1.5092705116825653,-0.6488502061228003,-0.457718397762827,0.6405067471840944,-0.4151775365049098,-1.4375172754665466,-0.5629374545161897,-1.707550048725856,-1.3429884375831453,-0.9905087678256896,1.3582055977697711,0.5355218545484044
45,0.7459761259580671,-0.7424133641833415,1.4814909612968619,-0.8390665177625418,1.7949861629669688,1.2767724107297749,-0.3779644730092272,0.3779644730092272,0.9309493362512626,-0.9309493362512626,-0.21873400082942648,0.5294841346671151,2.0260374512887207,0.30152375959171207,1.8622712835118722,0.8619987000515377,-0.30910151656898555,-0.793505556161398,-0.3600776334433438,-1.3232569160772807,-0.6488502061228003,-0.457718397762827,0.24980074769936617,-1.1408423235851235,-1.4375172754665466,-0.23196150006086064,-0.5885081368261049,-1.610118624867707,-0.9905087678256896,1.3013512024456892,0.5688077139667789
46,0.7459761259580671,-0.7424133641833415,1.4814909612968619,-0.8390665177625418,1.7949861629669688,1.2767724107297749,-0.3779644730092272,0.3779644730092272,0.9309493362512626,-0.9309493362512626,0.24338483357079801,0.5294841346671151,-0.4765712129692655,0.6392206274293802,0.29880895771955424,1.4886124553406601,0.6813989821025623,-1.5824892269881097,0.33861111208500666,-0.6995517906859621,-1.108503343301337,-0.457718397762827,-0.8391827316748782,-0.48149015906448367,-1.4375172754665466,0.13415950164176535,-0.5885081368261049,-1.3429884375831453,0.4960029889607872,0.9540749654442395,-0.5624765844371181
47,-0.39211565595231695,1.3022660650429103,-0.9310937944571598,-0.8390665177625418,-0.8305707168784849,-1.301091885219866,-0.3779644730092272,0.3779644730092272,0.9309493362512626,-0.9309493362512626,1.4239084560798763,0.9842914944968999,-0.4765712129692655,0.8951371964443341,-0.6431014856045708,0.9456664420054689,0.9479142000068478,-1.3517262964306345,1.301015558564169,0.5862858622651799,0.5393359168225543,0.35101369463320503,-1.140303676912802,-0.8387555732922546,0.647192078737336,0.38893928071619543,-0.5885081368261049,0.9050822845022637,-0.9905087678256896,0.020301990995451602,-0.2858582369219016
48,0.8129227013645601,1.9838258747849948,-0.8134067332008661,-0.8390665177625418,-0.8379046746434164,-1.23623995324629,-0.3779644730092272,0.3779644730092272,0.9309493362512626,-0.9309493362512626,1.208040728623186,-0.11153083630463931,-0.4765712129692655,0.8019909238289903,-1.16425559420201,0.9759187650226416,0.9634823969638947,-0.36451034397272863,1.4269855464656522,0.27802947604214706,-0.6488502061228003,0.35101369463320503,-1.140303676912802,-1.1408423235851235,0.3581536230373216,0.37396546145846526,1.4339977706346616,0.683406264082024,0.3782448293709973,-0.5372501969330697,-0.5624765844371181
49,1.147655578397026,-0.7424133641833415,-0.3308897820500615,-0.6005445804666656,-2.092011452446692,-0.9119802933784108,-0.3779644730092272,0.3779644730092272,-1.0741723110591492,1.0741723110591492,1.208040728623186,1.6253064654686542,0.01954558620269696,-0.05643893401837652,0.7040623422165709,-1.0594259211178776,0.24994445322933107,0.02998149144062737,0.6125918805851837,0.18025466273482238,0.18190615379604685,-0.457718397762827,0.24980074769936617,1.308196709436656,0.8833536926678357,0.8619429274780882,-0.5885081368261049,1.1400683355058119,0.8412816240831873,0.49687287138620934,0.7402606465807747
50,1.482388455429492,1.9838258747849948,0.12808975684948398,-0.8390665177625418,-0.8379046746434164,0.4499102780666826,-0.3779644730092272,0.3779644730092272,0.9309493362512626,-0.9309493362512626,1.1245948929421565,1.3370674897868686,-0.4765712129692655,0.9191801077182327,-0.6431014856045708,1.0319186304828296,0.9027856895091662,-0.8695024665422427,1.1952478172623426,0.936350967660634,0.34856262823229905,0.35101369463320503,0.35607539486315826,-1.1408423235851235,0.647192078737336,-0.11713097958910078,-0.5885081368261049,1.0928017215402133,-0.4610025963377743,0.9136193887860342,0.06263966607616102
51,-0.39211565595231695,1.3022660650429103,-0.9310937944571598,-0.8390665177625418,-0.8305707168784849,-1.301091885219866,-0.3779644730092272,0.3779644730092272,0.9309493362512626,-0.9309493362512626,1.0291900540860062,-1.2073531671061786,-0.4765712129692655,0.6193164224658917,-0.3382458749783077,0.455813950761814,0.7272804741489554,-1.187997391574754,0.8635011511251338,0.319737461842763,0.8780844641736952,-0.457718397762827,-0.11076436501949485,-0.6982932334463419,0.3581536230373216,-0.4932765309228116,-0.5885081368261049,-1.3429884375831453,-0.4610025963377743,-0.25847410296880907,-1.5082409613816046
52,0.2104035227061216,1.3022660650429103,-1.0487808557134537,1.025242877193732,0.3171936733332846,-0.27967395663604594,2.6457513110645903,-2.6457513110645903,0.9309493362512626,-0.9309493362512626,-0.06996496485939363,0.5294841346671151,-0.4765712129692655,-1.946500208056175,-1.16425559420201,0.9609970359957635,0.9364298900227394,0.1502441348419448,1.3651942956144585,-2.0739877954510026,-0.6488502061228003,2.7772099718213012,-0.8391827316748782,-0.43555509527575964,-0.014481756584098435,1.3408160159485802,-0.5885081368261049,-0.4296642947355702,-0.9905087678256896,-1.4903919577145854,-1.5082409613816046
53,0.5451363997385874,1.3022660650429103,2.1876133288346247,-0.7842338884991221,-0.8269037379960194,2.8656447440823833,-0.3779644730092272,0.3779644730092272,0.9309493362512626,-0.9309493362512626,1.2644148475569017,0.5294841346671151,-0.4765712129692655,1.1018129985168,0.29880895771955424,1.0319186304828296,0.8240858097257979,-0.726471530459803,1.0678545090301297,1.0634525207317498,0.4816352530599194,0.35101369463320503,1.3209952177754773,-0.33120637482799775,-0.5396818262146126,0.25696453756385446,0.06608941837055712,-0.030327415951853176,-0.15126134211691802,0.5693131194514356,-0.5624765844371181
54,-0.8607416837977692,0.6207062553008268,-0.7545632025727191,-0.8149401608866371,1.4759590001924514,-1.0741101233123502,-0.3779644730092272,0.3779644730092272,-1.0741723110591492,1.0741723110591492,-1.1429716696298757,1.3370674897868686,-0.4765712129692655,1.231888157877723,0.965942459254967,-1.0594259211178776,-0.6490277619564759,0.7617842271936581,-1.4674730947816856,1.0291090319820786,1.337737601352232,-0.457718397762827,0.4490285076257127,0.9169890564350448,0.647192078737336,-1.7927904426362558,1.6495756869733968,-0.28265194407479366,-0.9905087678256896,1.7223948991198383,1.2379537433960488
55,-0.8607416837977692,0.6207062553008268,-0.7545632025727191,-0.8149401608866371,1.4759590001924514,-1.0741101233123502,-0.3779644730092272,0.3779644730092272,-1.0741723110591492,1.0741723110591492,-1.1429716696298757,1.8690090469701583,-0.4765712129692655,1.250152747242467,0.7642437685243703,-1.0594259211178776,-0.7338134676734717,0.5776429044280973,-1.4674730947816856,0.9894310659284337,1.6066174499405135,-0.457718397762827,-0.3244130757282247,0.8857589136827005,1.78118914191977,-1.3828394465962337,0.8907848058706447,0.23680277133270894,-0.9905087678256896,1.7414066112062787,0.6308709160884169
